<?xml version="1.0" encoding="utf-8"?><Response xmlns:xsi="http://www.w3.org/2001/XMLSchema-instance" xmlns:xsd="http://www.w3.org/2001/XMLSchema" version="0.4"><Status><Code>1</Code><Message>Success</Message></Status><Results><Game><ID>116</ID><Name>BC Racers</Name><ShortDesc /><LongDesc /><ReleaseDate>1995-01-01T00:00:00</ReleaseDate><OriginalPrice xsi:nil="true" /><LastUpdatedDate>2010-08-28T16:41:54.297</LastUpdatedDate><Boxart><ThumbURL>http://thevideogamedb.com/Common/Images/Boxart/bcracersXq53N-thumb.jpg</ThumbURL><FullURL>http://thevideogamedb.com/Common/Images/Boxart/bcracersXq53N-orig.jpg</FullURL></Boxart><Platform><ID>22</ID><Name>Sega 32X</Name><Abbr>32X</Abbr></Platform><Region><ID>1</ID><Name>United States</Name><Abbr>US</Abbr></Region><Genre><ID>6</ID><Name>Driving/Racing</Name></Genre><Developer><ID>45</ID><Name>Core Design Ltd.</Name></Developer><Publisher><ID>44</ID><Name>Front Street Publishing</Name></Publisher><Rating><ID>14</ID><Abbr>KA</Abbr></Rating><Player><ID xsi:nil="true" /></Player><Fanarts /></Game></Results><Num_Results>1</Num_Results><Has_Error>false</Has_Error><Page_Size>100</Page_Size><Page_Number>1</Page_Number></Response>