<window id="5200">
	<defaultcontrol>7000</defaultcontrol>
	<include>dialogeffect</include>
	<coordinates>
		<system>1</system>
		<posx>220</posx>
		<posy>60</posy>
	</coordinates>
	
	<controls>
		<!-- Window -->	
		<control type="image">
			<description>background image</description>
			<posx>0</posx>
			<posy>0</posy>
			<width>920</width>
			<height>600</height>
			<texture border="45">rcb-DialogBack.png</texture>
		</control>
		<control type="image">
			<description>background image</description>
			<posx>240</posx>
			<posy>10</posy>
			<width>670</width>
			<height>570</height>				
			<texture border="0,0,0,0">rcb-floor.png</texture>
		</control>
		<control type="label">
			<posx>250</posx>
			<posy>25</posy>
			<width>520</width>
			<height>30</height>
			<font>font13caps</font>
			<textcolor>FFFFFFFF</textcolor>
			<align>left</align>
			<aligny>center</aligny>
			<label>$ADDON[script.games.rom.collection.browser 32999] - $ADDON[script.games.rom.collection.browser 32600]</label>
		</control>
		<control type="button" id="5101">
			<description>Close Window button</description>
			<posx>865</posx>
			<posy>25</posy>
			<width>40</width>
			<height>25</height>
			<label>-</label>
			<font>-</font>
			<texturefocus>rcb-DialogCloseButton-focus.png</texturefocus>
			<texturenofocus>rcb-DialogCloseButton.png</texturenofocus>
			<onleft>5211</onleft>
			<onright>5211</onright>
			<onup>6000</onup>
			<ondown>5211</ondown>
			<visible>system.getbool(input.enablemouse)</visible>
		</control>
		
		<!-- Rom Collection List -->
		<control type="list" id="5210">
			<hitrect x="0" y="0" w="0" h="0" />
			<visible>!Container(7000).Hasfocus(5)</visible>
			<posx>250</posx>
			<posy>65</posy>
			<width>670</width>
			<height>30</height>
			<onleft>5210</onleft>
			<onright>5210</onright>
			<onup>5210</onup>
			<ondown>5210</ondown>
			<pagecontrol>-</pagecontrol>
			<scrolltime>0</scrolltime>
			<itemlayout height="1" width="750">
			</itemlayout>
			<focusedlayout height="30" width="670">
				<control type="image">
					<posx>0</posx>
					<posy>0</posy>
					<width>670</width>
					<height>30</height>
					<texture>rcb-MenuItemNF.png</texture>
					<visible>![Control.HasFocus(5211) | Control.HasFocus(5212)]</visible>
				</control>
				<control type="image">
					<posx>0</posx>
					<posy>0</posy>
					<width>670</width>
					<height>30</height>
					<texture>rcb-MenuItemFO.png</texture>
					<visible>[Control.HasFocus(5211) | Control.HasFocus(5212)]</visible>
				</control>
				<control type="label">
					<posx>7</posx>
					<posy>5</posy>
					<width>200</width>
					<height>20</height>
					<font>font13</font>
					<textcolor>88FFFFFF</textcolor>
					<align>left</align>
					<aligny>center</aligny>
					<label>$ADDON[script.games.rom.collection.browser 32601]</label>
					<visible>![Control.HasFocus(5211) | Control.HasFocus(5212)]</visible>
				</control>
				<control type="label">
					<posx>7</posx>
					<posy>5</posy>
					<width>200</width>
					<height>20</height>
					<font>font13</font>
					<textcolor>FFFFFFFF</textcolor>
					<align>left</align>
					<aligny>center</aligny>
					<label>$ADDON[script.games.rom.collection.browser 32601]</label>
					<visible>[Control.HasFocus(5211) | Control.HasFocus(5212)]</visible>
				</control>
				<control type="label">
					<posx>590</posx>
					<posy>5</posy>
					<width>370</width>
					<height>20</height>
					<font>font13</font>
					<textcolor>88FFFFFF</textcolor>
					<align>right</align>
					<aligny>center</aligny>
					<label>$INFO[ListItem.Label]</label>
					<visible>![Control.HasFocus(5211) | Control.HasFocus(5212)]</visible>
				</control>
				<control type="label">
					<posx>590</posx>
					<posy>5</posy>
					<width>370</width>
					<height>20</height>
					<font>font13</font>
					<textcolor>FFFFFFFF</textcolor>
					<align>right</align>
					<aligny>center</aligny>
					<label>$INFO[ListItem.Label]</label>
					<visible>[Control.HasFocus(5211) | Control.HasFocus(5212)]</visible>
				</control>
			</focusedlayout>
		</control>
		<control type="button" id="5211">
			<description>Menu Item Next Button</description>
			<visible>!Container(7000).Hasfocus(5)</visible>
			<posx>860</posx>
			<posy>70</posy>
			<width>20</width>
			<height>20</height>
			<label>-</label>
			<font>-</font>
			<texturenofocus>rcb-scroll-down-2.png</texturenofocus>
			<texturefocus>rcb-scroll-down-focus-2.png</texturefocus>
			<onclick>Control.Move(5210,1)</onclick>
			<onleft>7000</onleft>
			<onright>5212</onright>
			<onup>5101</onup>
			<ondown>7010</ondown>
		</control>
		<control type="button" id="5212">
			<description>Menu Item Prev Button</description>
			<visible>!Container(7000).Hasfocus(5)</visible>
			<posx>880</posx>
			<posy>70</posy>
			<width>20</width>
			<height>20</height>
			<label>-</label>
			<font>-</font>
			<texturenofocus>rcb-scroll-up-2.png</texturenofocus>
			<texturefocus>rcb-scroll-up-focus-2.png</texturefocus>
			<onclick>Control.Move(5210,-1)</onclick>
			<onleft>5211</onleft>
			<onright>6000</onright>
			<onup>5101</onup>
			<ondown>7010</ondown>
		</control>
		
		<!-- Category buttons -->
		<control type="list" id="7000">
			<posx>15</posx>
			<posy>85</posy>
			<width>220</width>
			<height>210</height>
			<onleft>7010</onleft>
			<onright>7010</onright>
			<onup>7000</onup>
			<ondown>7000</ondown>
			<pagecontrol>-</pagecontrol>
			<scrolltime>300</scrolltime>
			<itemlayout height="40" width="150">
				<control type="image">
					<posx>0</posx>
					<posy>0</posy>
					<width>210</width>
					<height>40</height>
					<texture border="5">rcb-MenuItemNF.png</texture>
				</control>
				<control type="label">
					<posx>220</posx>
					<posy>5</posy>
					<width>240</width>
					<height>30</height>
					<font>font13_title</font>
					<textcolor>88FFFFFF</textcolor>
					<align>right</align>
					<aligny>center</aligny>
					<label>$INFO[ListItem.Label]</label>
				</control>
			</itemlayout>
			<focusedlayout height="40" width="150">
				<control type="image">
					<posx>0</posx>
					<posy>0</posy>
					<width>210</width>
					<height>40</height>
					<texture border="5">rcb-MenuItemFO.png</texture>
					<animation effect="fade" start="100" end="30" time="100" condition="!Control.HasFocus(7000)">Conditional</animation>
				</control>
				<control type="label">
					<posx>220</posx>
					<posy>5</posy>
					<width>220</width>
					<height>30</height>
					<font>font13_title</font>
					<textcolor>FFFFFFFF</textcolor>
					<align>right</align>
					<aligny>center</aligny>
					<label>$INFO[ListItem.Label]</label>
				</control>
			</focusedlayout>
			<content>
				<item id="1">
					<label>$ADDON[script.games.rom.collection.browser 32602]</label>
					<onclick>-</onclick>
				</item>
				<item id="2">
					<label>$ADDON[script.games.rom.collection.browser 32603]</label>
					<onclick>-</onclick>
				</item>
				<item id="3">
					<label>$ADDON[script.games.rom.collection.browser 32604]</label>
					<onclick>-</onclick>
				</item>
				<item id="4">
					<label>$ADDON[script.games.rom.collection.browser 32605]</label>
					<onclick>-</onclick>
				</item>
			</content>
		</control>
		
						
		<control type="group" id="7010">
			
			<!-- Game Import -->
			<control type="group" id="7001">
				<visible>Container(7000).Hasfocus(1)</visible>
				<posx>250</posx>
				<posy>120</posy>
				<pagecontrol>60</pagecontrol>
				<!-- Rom Path -->
				<control type="image">
					<posx>0</posx>
					<posy>0</posy>
					<width>270</width>
					<height>30</height>
					<texture>rcb-MenuItemFO.png</texture>
					<visible>Control.HasFocus(5240)</visible>
				</control>
				<control type="label">
					<posx>7</posx>
					<posy>0</posy>
					<width>200</width>
					<height>30</height>
					<font>font13</font>
					<textcolor>FFFFFFFF</textcolor>
					<align>left</align>
					<aligny>center</aligny>
					<label>$ADDON[script.games.rom.collection.browser 32606]</label>
					<visible>Control.HasFocus(5240)</visible>
				</control>
				<control type="label">
					<posx>7</posx>
					<posy>0</posy>
					<width>200</width>
					<height>30</height>
					<font>font13</font>
					<textcolor>88FFFFFF</textcolor>
					<align>left</align>
					<aligny>center</aligny>
					<label>$ADDON[script.games.rom.collection.browser 32606]</label>
					<visible>!Control.HasFocus(5240)</visible>
				</control>
				<control type="button" id="5240"> 
					<description>Rom Path</description>
					<posx>240</posx>
					<posy>0</posy>
					<width>410</width>
					<height>30</height>
					<visible>true</visible>
					<font>font13</font>
					<colordiffuse>DDFFFFFF</colordiffuse>
					<texturefocus>rcb-MenuItemFO.png</texturefocus>
					<texturenofocus>rcb-MenuItemNF.png</texturenofocus>
					<label>$ADDON[script.games.rom.collection.browser 32606]</label>
					<textcolor>88FFFFFF</textcolor>
					<focusedcolor>FFFFFFFF</focusedcolor>
					<disabledcolor>80FFFFFF</disabledcolor>
					<align>right</align>
					<aligny>center</aligny>
					<textoffsetx></textoffsetx>
					<textoffsety></textoffsety>
					<pulseonselect></pulseonselect>
					<onup>5211</onup>
					<ondown>5250</ondown>
					<onleft>7000</onleft>
					<onright>6000</onright>
				</control>
				<!-- Rom file mask -->
				<control type="image">
					<posx>0</posx>
					<posy>30</posy>
					<width>270</width>
					<height>30</height>
					<texture>rcb-MenuItemFO.png</texture>
					<visible>Control.HasFocus(5250)</visible>
				</control>
				<control type="label">
					<posx>7</posx>
					<posy>30</posy>
					<width>200</width>
					<height>30</height>
					<font>font13</font>
					<textcolor>FFFFFFFF</textcolor>
					<align>left</align>
					<aligny>center</aligny>
					<label>$ADDON[script.games.rom.collection.browser 32607]</label>
					<visible>Control.HasFocus(5250)</visible>
				</control>
				<control type="label">
					<posx>7</posx>
					<posy>30</posy>
					<width>200</width>
					<height>30</height>
					<font>font13</font>
					<textcolor>88FFFFFF</textcolor>
					<align>left</align>
					<aligny>center</aligny>
					<label>$ADDON[script.games.rom.collection.browser 32607]</label>
					<visible>!Control.HasFocus(5250)</visible>
				</control>
				<control type="button" id="5250"> 
					<description>Rom file mask</description>
					<posx>240</posx>
					<posy>30</posy>
					<width>410</width>
					<height>30</height>
					<visible>true</visible>
					<font>font13</font>
					<colordiffuse>DDFFFFFF</colordiffuse>
					<texturefocus>rcb-MenuItemFO.png</texturefocus>
					<texturenofocus>rcb-MenuItemNF.png</texturenofocus>
					<label>$ADDON[script.games.rom.collection.browser 32607]</label>
					<textcolor>88FFFFFF</textcolor>
					<focusedcolor>FFFFFFFF</focusedcolor>
					<disabledcolor>80FFFFFF</disabledcolor>
					<align>right</align>
					<aligny>center</aligny>
					<textoffsetx></textoffsetx>
					<textoffsety></textoffsety>
					<pulseonselect></pulseonselect>
					<onup>5240</onup>
					<ondown>5330</ondown>
					<onleft>7000</onleft>
					<onright>6000</onright>
				</control>
				<!-- Ignore on scan -->
				<control type="radiobutton" id="5330">
					<posx>0</posx>
					<posy>60</posy>
					<width>660</width>
					<height>30</height>
					<font>font13</font>
					<label>$ADDON[script.games.rom.collection.browser 32608]</label>
					<textcolor>88FFFFFF</textcolor>
					<focusedcolor>FFFFFFFF</focusedcolor>
					<texturefocus>rcb-MenuItemFO.png</texturefocus>
					<texturenofocus>rcb-MenuItemNF.png</texturenofocus>
					<onleft>7000</onleft>
					<onright>6000</onright>
					<onup>5250</onup>
					<ondown>5400</ondown>
				</control>
				<!-- Allow update -->
				<control type="radiobutton" id="5400">
					<posx>0</posx>
					<posy>90</posy>
					<width>660</width>
					<height>30</height>
					<font>font13</font>
					<label>$ADDON[script.games.rom.collection.browser 32609]</label>
					<textcolor>88FFFFFF</textcolor>
					<focusedcolor>FFFFFFFF</focusedcolor>
					<texturefocus>rcb-MenuItemFO.png</texturefocus>
					<texturenofocus>rcb-MenuItemNF.png</texturenofocus>
					<onleft>7000</onleft>
					<onright>6000</onright>
					<onup>5330</onup>
					<ondown>5410</ondown>
				</control>
				
				<!-- Max folder depth -->
				<control type="image">
					<posx>0</posx>
					<posy>120</posy>
					<width>270</width>
					<height>30</height>
					<texture>rcb-MenuItemFO.png</texture>
					<visible>Control.HasFocus(5410)</visible>
				</control>
				<control type="label">
					<posx>7</posx>
					<posy>120</posy>
					<width>200</width>
					<height>30</height>
					<font>font13</font>
					<textcolor>FFFFFFFF</textcolor>
					<align>left</align>
					<aligny>center</aligny>
					<label>$ADDON[script.games.rom.collection.browser 32610]</label>
					<visible>Control.HasFocus(5410)</visible>
				</control>
				<control type="label">
					<posx>7</posx>
					<posy>120</posy>
					<width>200</width>
					<height>30</height>
					<font>font13</font>
					<textcolor>88FFFFFF</textcolor>
					<align>left</align>
					<aligny>center</aligny>
					<label>$ADDON[script.games.rom.collection.browser 32610]</label>
					<visible>!Control.HasFocus(5410)</visible>
				</control>
				<control type="button" id="5410"> 
					<description>Max folder depth</description>
					<posx>240</posx>
					<posy>120</posy>
					<width>410</width>
					<height>30</height>
					<visible>true</visible>
					<font>font13</font>
					<colordiffuse>DDFFFFFF</colordiffuse>
					<texturefocus>rcb-MenuItemFO.png</texturefocus>
					<texturenofocus>rcb-MenuItemNF.png</texturenofocus>
					<textcolor>88FFFFFF</textcolor>
					<focusedcolor>FFFFFFFF</focusedcolor>
					<disabledcolor>80FFFFFF</disabledcolor>
					<align>right</align>
					<aligny>center</aligny>
					<textoffsetx></textoffsetx>
					<textoffsety></textoffsety>
					<pulseonselect></pulseonselect>
					<onup>5400</onup>
					<ondown>5420</ondown>
					<onleft>7000</onleft>
					<onright>6000</onright>
				</control>
				
				<!-- Disk indicator -->
				<control type="image">
					<posx>0</posx>
					<posy>150</posy>
					<width>270</width>
					<height>30</height>
					<texture>rcb-MenuItemFO.png</texture>
					<visible>Control.HasFocus(5420)</visible>
				</control>
				<control type="label">
					<posx>7</posx>
					<posy>150</posy>
					<width>200</width>
					<height>30</height>
					<font>font13</font>
					<textcolor>FFFFFFFF</textcolor>
					<align>left</align>
					<aligny>center</aligny>
					<label>$ADDON[script.games.rom.collection.browser 32611]</label>
					<visible>Control.HasFocus(5420)</visible>
				</control>
				<control type="label">
					<posx>7</posx>
					<posy>150</posy>
					<width>200</width>
					<height>30</height>
					<font>font13</font>
					<textcolor>88FFFFFF</textcolor>
					<align>left</align>
					<aligny>center</aligny>
					<label>$ADDON[script.games.rom.collection.browser 32611]</label>
					<visible>!Control.HasFocus(5420)</visible>
				</control>
				<control type="button" id="5420"> 
					<description>Disk indicator</description>
					<posx>240</posx>
					<posy>150</posy>
					<width>410</width>
					<height>30</height>
					<visible>true</visible>
					<font>font13</font>
					<colordiffuse>DDFFFFFF</colordiffuse>
					<texturefocus>rcb-MenuItemFO.png</texturefocus>
					<texturenofocus>rcb-MenuItemNF.png</texturenofocus>
					<textcolor>88FFFFFF</textcolor>
					<focusedcolor>FFFFFFFF</focusedcolor>
					<disabledcolor>80FFFFFF</disabledcolor>
					<align>right</align>
					<aligny>center</aligny>
					<textoffsetx></textoffsetx>
					<textoffsety></textoffsety>
					<pulseonselect></pulseonselect>
					<onup>5410</onup>
					<ondown>5430</ondown>
					<onleft>7000</onleft>
					<onright>6000</onright>
				</control>
				<control type="radiobutton" id="5430">
					<posx>0</posx>
					<posy>180</posy>
					<width>660</width>
					<height>30</height>
					<font>font13</font>
					<label>$ADDON[script.games.rom.collection.browser 32612]</label>
					<textcolor>88FFFFFF</textcolor>
					<focusedcolor>FFFFFFFF</focusedcolor>
					<texturefocus>rcb-MenuItemFO.png</texturefocus>
					<texturenofocus>rcb-MenuItemNF.png</texturenofocus>
					<onleft>7000</onleft>
					<onright>6000</onright>
					<onup>5420</onup>
					<ondown>6000</ondown>
				</control>
			</control>
			
			<!-- Import Game data -->
			<control type="group" id="7002">
				<visible>Container(7000).Hasfocus(2)</visible>
				<posx>250</posx>
				<posy>120</posy>

				<!-- Scrapers -->
				<!-- Scraper 1 -->				
				<control type="list" id="5290">
					<hitrect x="0" y="0" w="0" h="0" />
					<posx>0</posx>
					<posy>0</posy>
					<width>670</width>
					<height>30</height>
					<onleft>5280</onleft>
					<onright>5280</onright>
					<onup>5280</onup>
					<ondown>5280</ondown>
					<enable>false</enable>
					<pagecontrol>-</pagecontrol>
					<scrolltime>0</scrolltime>
					<itemlayout height="1" width="380"></itemlayout>						
					<focusedlayout height="30" width="670">
						<control type="image">
							<posx>0</posx>
							<posy>0</posy>
							<width>670</width>
							<height>30</height>
							<texture>rcb-MenuItemNF.png</texture>
							<visible>![Control.HasFocus(5291) | Control.HasFocus(5292)]</visible>
						</control>
						<control type="image">
							<posx>0</posx>
							<posy>0</posy>
							<width>670</width>
							<height>30</height>
							<texture>rcb-MenuItemFO.png</texture>
							<visible>[Control.HasFocus(5291) | Control.HasFocus(5292)]</visible>
						</control>
						<control type="label">
							<posx>7</posx>
							<posy>5</posy>
							<width>200</width>
							<height>20</height>
							<font>font13</font>
							<textcolor>88FFFFFF</textcolor>
							<align>left</align>
							<aligny>center</aligny>
							<label>$ADDON[script.games.rom.collection.browser 32613]</label>
							<visible>![Control.HasFocus(5291) | Control.HasFocus(5292)]</visible>
						</control>
						<control type="label">
							<posx>7</posx>
							<posy>5</posy>
							<width>200</width>
							<height>20</height>
							<font>font13</font>
							<textcolor>FFFFFFFF</textcolor>
							<align>left</align>
							<aligny>center</aligny>
							<label>$ADDON[script.games.rom.collection.browser 32613]</label>
							<visible>[Control.HasFocus(5291) | Control.HasFocus(5292)]</visible>
						</control>
						<control type="label">
							<posx>590</posx>
							<posy>5</posy>
							<width>370</width>
							<height>20</height>
							<font>font13</font>
							<textcolor>88FFFFFF</textcolor>
							<align>right</align>
							<aligny>center</aligny>
							<label>$INFO[ListItem.Label]</label>
							<visible>![Control.HasFocus(5291) | Control.HasFocus(5292)]</visible>
						</control>
						<control type="label">
							<posx>590</posx>
							<posy>5</posy>
							<width>370</width>
							<height>20</height>
							<font>font13</font>
							<textcolor>FFFFFFFF</textcolor>
							<align>right</align>
							<aligny>center</aligny>
							<label>$INFO[ListItem.Label]</label>
							<visible>[Control.HasFocus(5291) | Control.HasFocus(5292)]</visible>
						</control>
					</focusedlayout>
				</control>
				<control type="button" id="5291">
					<description>Menu Item Next Button</description>
					<posx>610</posx>
					<posy>5</posy>
					<width>20</width>
					<height>20</height>
					<label>-</label>
					<font>-</font>
					<texturenofocus>rcb-scroll-down-2.png</texturenofocus>
					<texturefocus>rcb-scroll-down-focus-2.png</texturefocus>
					<onclick>Control.Move(5290,1)</onclick>
					<onleft>7000</onleft>
					<onright>5292</onright>
					<onup>5211</onup>
					<ondown>5301</ondown>
				</control>
				<control type="button" id="5292">
					<description>Menu Item Prev Button</description>
					<posx>630</posx>
					<posy>5</posy>
					<width>20</width>
					<height>20</height>
					<label>-</label>
					<font>-</font>
					<texturenofocus>rcb-scroll-up-2.png</texturenofocus>
					<texturefocus>rcb-scroll-up-focus-2.png</texturefocus>
					<onclick>Control.Move(5290,-1)</onclick>
					<onleft>5291</onleft>
					<onright>6000</onright>
					<onup>5212</onup>
					<ondown>5302</ondown>
				</control>
				<!-- Scraper 2 -->
				<control type="list" id="5300">
					<hitrect x="0" y="0" w="0" h="0" />
					<posx>0</posx>
					<posy>28</posy>
					<width>670</width>
					<height>30</height>
					<onleft>5290</onleft>
					<onright>5310</onright>
					<onup>5290</onup>
					<ondown>5310</ondown>
					<pagecontrol>-</pagecontrol>
					<scrolltime>0</scrolltime>
					<itemlayout height="1" width="380">
					</itemlayout>
					<focusedlayout height="30" width="670">
						<control type="image">
							<posx>0</posx>
							<posy>0</posy>
							<width>670</width>
							<height>30</height>
							<texture>rcb-MenuItemNF.png</texture>
							<visible>![Control.HasFocus(5301) | Control.HasFocus(5302)]</visible>
						</control>
						<control type="image">
							<posx>0</posx>
							<posy>0</posy>
							<width>670</width>
							<height>30</height>
							<texture>rcb-MenuItemFO.png</texture>
							<visible>[Control.HasFocus(5301) | Control.HasFocus(5302)]</visible>
						</control>
						<control type="label">
							<posx>7</posx>
							<posy>5</posy>
							<width>200</width>
							<height>20</height>
							<font>font13</font>
							<textcolor>88FFFFFF</textcolor>
							<align>left</align>
							<aligny>center</aligny>
							<label>$ADDON[script.games.rom.collection.browser 32614]</label>
							<visible>![Control.HasFocus(5301) | Control.HasFocus(5302)]</visible>
						</control>
						<control type="label">
							<posx>7</posx>
							<posy>5</posy>
							<width>200</width>
							<height>20</height>
							<font>font13</font>
							<textcolor>FFFFFFFF</textcolor>
							<align>left</align>
							<aligny>center</aligny>
							<label>$ADDON[script.games.rom.collection.browser 32614]</label>
							<visible>[Control.HasFocus(5301) | Control.HasFocus(5302)]</visible>
						</control>
						<control type="label">
							<posx>590</posx>
							<posy>5</posy>
							<width>370</width>
							<height>20</height>
							<font>font13</font>
							<textcolor>88FFFFFF</textcolor>
							<align>right</align>
							<aligny>center</aligny>
							<label>$INFO[ListItem.Label]</label>
							<visible>![Control.HasFocus(5301) | Control.HasFocus(5302)]</visible>
						</control>
						<control type="label">
							<posx>590</posx>
							<posy>5</posy>
							<width>370</width>
							<height>20</height>
							<font>font13</font>
							<textcolor>FFFFFFFF</textcolor>
							<align>right</align>
							<aligny>center</aligny>
							<label>$INFO[ListItem.Label]</label>
							<visible>[Control.HasFocus(5301) | Control.HasFocus(5302)]</visible>
						</control>
					</focusedlayout>
				</control>
				<control type="button" id="5301">
					<description>Menu Item Next Button</description>
					<posx>610</posx>
					<posy>36</posy>
					<width>20</width>
					<height>20</height>
					<label>-</label>
					<font>-</font>
					<texturenofocus>rcb-scroll-down-2.png</texturenofocus>
					<texturefocus>rcb-scroll-down-focus-2.png</texturefocus>
					<onclick>Control.Move(5300,1)</onclick>
					<onleft>7000</onleft>
					<onright>5302</onright>
					<onup>5291</onup>
					<ondown>5311</ondown>
				</control>
				<control type="button" id="5302">
					<description>Menu Item Prev Button</description>
					<posx>630</posx>
					<posy>36</posy>
					<width>20</width>
					<height>20</height>
					<label>-</label>
					<font>-</font>
					<texturenofocus>rcb-scroll-up-2.png</texturenofocus>
					<texturefocus>rcb-scroll-up-focus-2.png</texturefocus>
					<onclick>Control.Move(5300,-1)</onclick>
					<onleft>5301</onleft>
					<onright>6000</onright>
					<onup>5292</onup>
					<ondown>5312</ondown>
				</control>
				<!-- Scraper 3 -->
				<control type="list" id="5310">
					<hitrect x="0" y="0" w="0" h="0" />
					<posx>0</posx>
					<posy>56</posy>
					<width>670</width>
					<height>30</height>
					<onleft>5302</onleft>
					<onright>5320</onright>
					<onup>5301</onup>
					<ondown>5320</ondown>
					<pagecontrol>-</pagecontrol>
					<scrolltime>0</scrolltime>
					<itemlayout height="1" width="380"></itemlayout>
					<focusedlayout height="30" width="670">
						<control type="image">
							<posx>0</posx>
							<posy>0</posy>
							<width>670</width>
							<height>30</height>
							<texture>rcb-MenuItemNF.png</texture>
							<visible>![Control.HasFocus(5311) | Control.HasFocus(5312)]</visible>
						</control>
						<control type="image">
							<posx>0</posx>
							<posy>0</posy>
							<width>670</width>
							<height>30</height>
							<texture>rcb-MenuItemFO.png</texture>
							<visible>[Control.HasFocus(5311) | Control.HasFocus(5312)]</visible>
						</control>
						<control type="label">
							<posx>7</posx>
							<posy>5</posy>
							<width>200</width>
							<height>20</height>
							<font>font13</font>
							<textcolor>88FFFFFF</textcolor>
							<align>left</align>
							<aligny>center</aligny>
							<label>$ADDON[script.games.rom.collection.browser 32615]</label>
							<visible>![Control.HasFocus(5311) | Control.HasFocus(5312)]</visible>
						</control>
						<control type="label">
							<posx>7</posx>
							<posy>5</posy>
							<width>200</width>
							<height>20</height>
							<font>font13</font>
							<textcolor>FFFFFFFF</textcolor>
							<align>left</align>
							<aligny>center</aligny>
							<label>$ADDON[script.games.rom.collection.browser 32615]</label>
							<visible>[Control.HasFocus(5311) | Control.HasFocus(5312)]</visible>
						</control>
						<control type="label">
							<posx>590</posx>
							<posy>5</posy>
							<width>370</width>
							<height>20</height>
							<font>font13</font>
							<textcolor>88FFFFFF</textcolor>
							<align>right</align>
							<aligny>center</aligny>
							<label>$INFO[ListItem.Label]</label>
							<visible>![Control.HasFocus(5311) | Control.HasFocus(5312)]</visible>
						</control>
						<control type="label">
							<posx>590</posx>
							<posy>5</posy>
							<width>370</width>
							<height>20</height>
							<font>font13</font>
							<textcolor>FFFFFFFF</textcolor>
							<align>right</align>
							<aligny>center</aligny>
							<label>$INFO[ListItem.Label]</label>
							<visible>[Control.HasFocus(5311) | Control.HasFocus(5312)]</visible>
						</control>
					</focusedlayout>
				</control>
				<control type="button" id="5311">
					<description>Menu Item Next Button</description>
					<posx>610</posx>
					<posy>62</posy>
					<width>20</width>
					<height>20</height>
					<label>-</label>
					<font>-</font>
					<texturenofocus>rcb-scroll-down-2.png</texturenofocus>
					<texturefocus>rcb-scroll-down-focus-2.png</texturefocus>
					<onclick>Control.Move(5310,1)</onclick>
					<onleft>7000</onleft>
					<onright>5312</onright>
					<onup>5301</onup>
					<ondown>5261</ondown>
				</control>
				<control type="button" id="5312">
					<description>Menu Item Prev Button</description>
					<posx>630</posx>
					<posy>62</posy>
					<width>20</width>
					<height>20</height>
					<label>-</label>
					<font>-</font>
					<texturenofocus>rcb-scroll-up-2.png</texturenofocus>
					<texturefocus>rcb-scroll-up-focus-2.png</texturefocus>
					<onclick>Control.Move(5310,-1)</onclick>
					<onleft>5311</onleft>
					<onright>6000</onright>
					<onup>5302</onup>
					<ondown>5262</ondown>
				</control>
				
				<!-- Media Path -->
				<control type="group">
					<posx>0</posx>
					<posy>90</posy>
					<control type="list" id="5260">
						<hitrect x="0" y="0" w="0" h="0" />
						<posx>0</posx>
						<posy>0</posy>
						<width>670</width>
						<height>30</height>
						<onleft>7000</onleft>
						<onright>5210</onright>
						<onup>5210</onup>
						<ondown>5210</ondown>
						<pagecontrol>-</pagecontrol>
						<scrolltime>0</scrolltime>
						<enable>false</enable>
						<itemlayout height="1" width="750">
						</itemlayout>
						<focusedlayout height="30" width="670">
							<control type="image">
								<posx>0</posx>
								<posy>0</posy>
								<width>670</width>
								<height>30</height>
								<texture>rcb-MenuItemNF.png</texture>
								<visible>![Control.HasFocus(5261) | Control.HasFocus(5262)]</visible>
							</control>
							<control type="image">
								<posx>0</posx>
								<posy>0</posy>
								<width>670</width>
								<height>30</height>
								<texture>rcb-MenuItemFO.png</texture>
								<visible>[Control.HasFocus(5261) | Control.HasFocus(5262)]</visible>
							</control>
							<control type="label">
								<posx>7</posx>
								<posy>5</posy>
								<width>200</width>
								<height>20</height>
								<font>font13</font>
								<textcolor>88FFFFFF</textcolor>
								<align>left</align>
								<aligny>center</aligny>
								<label>$ADDON[script.games.rom.collection.browser 32616]</label>
								<visible>![Control.HasFocus(5261) | Control.HasFocus(5262)]</visible>
							</control>
							<control type="label">
								<posx>7</posx>
								<posy>5</posy>
								<width>200</width>
								<height>20</height>
								<font>font13</font>
								<textcolor>FFFFFFFF</textcolor>
								<align>left</align>
								<aligny>center</aligny>
								<label>$ADDON[script.games.rom.collection.browser 32616]</label>
								<visible>[Control.HasFocus(5261) | Control.HasFocus(5262)]</visible>
							</control>
							<control type="label">
								<posx>590</posx>
								<posy>5</posy>
								<width>370</width>
								<height>20</height>
								<font>font13</font>
								<textcolor>88FFFFFF</textcolor>
								<align>right</align>
								<aligny>center</aligny>
								<label>$INFO[ListItem.Label]</label>
								<visible>![Control.HasFocus(5261) | Control.HasFocus(5262)]</visible>
							</control>
							<control type="label">
								<posx>590</posx>
								<posy>5</posy>
								<width>370</width>
								<height>20</height>
								<font>font13</font>
								<textcolor>FFFFFFFF</textcolor>
								<align>right</align>
								<aligny>center</aligny>
								<label>$INFO[ListItem.Label]</label>
								<visible>[Control.HasFocus(5261) | Control.HasFocus(5262)]</visible>
							</control>
						</focusedlayout>
					</control>
					<control type="button" id="5261">
						<description>Menu Item Next Button</description>
						<posx>610</posx>
						<posy>8</posy>
						<width>20</width>
						<height>20</height>
						<label>-</label>
						<font>-</font>
						<texturenofocus>rcb-scroll-down-2.png</texturenofocus>
						<texturefocus>rcb-scroll-down-focus-2.png</texturefocus>
						<onclick>Control.Move(5260,1)</onclick>
						<onleft>7000</onleft>
						<onright>5262</onright>
						<onup>5311</onup>
						<ondown>5270</ondown>
					</control>
					<control type="button" id="5262">
						<description>Menu Item Prev Button</description>
						<posx>630</posx>
						<posy>8</posy>
						<width>20</width>
						<height>20</height>
						<label>-</label>
						<font>-</font>
						<texturenofocus>rcb-scroll-up-2.png</texturenofocus>
						<texturefocus>rcb-scroll-up-focus-2.png</texturefocus>
						<onclick>Control.Move(5260,-1)</onclick>
						<onleft>5261</onleft>
						<onright>6000</onright>
						<onup>5312</onup>
						<ondown>5270</ondown>
					</control>
					<!-- Media Path -->
					<control type="image">
						<posx>25</posx>
						<posy>30</posy>
						<width>270</width>
						<height>30</height>
						<texture>rcb-MenuItemFO.png</texture>
						<visible>Control.HasFocus(5270)</visible>
					</control>
					<control type="label">
						<posx>25</posx>
						<posy>30</posy>
						<width>200</width>
						<height>30</height>
						<font>font13</font>
						<textcolor>FFFFFFFF</textcolor>
						<align>left</align>
						<aligny>center</aligny>
						<label>$ADDON[script.games.rom.collection.browser 32617]</label>
						<visible>Control.HasFocus(5270)</visible>
					</control>
					<control type="label">
						<posx>25</posx>
						<posy>30</posy>
						<width>200</width>
						<height>30</height>
						<font>font13</font>
						<textcolor>88FFFFFF</textcolor>
						<align>left</align>
						<aligny>center</aligny>
						<label>$ADDON[script.games.rom.collection.browser 32617]</label>
						<visible>!Control.HasFocus(5270)</visible>
					</control>
					<control type="button" id="5270"> 
						<description>Media Path</description>
						<posx>240</posx>
						<posy>30</posy>
						<width>410</width>
						<height>30</height>
						<visible>true</visible>
						<font>font13</font>
						<colordiffuse>DDFFFFFF</colordiffuse>
						<texturefocus>rcb-MenuItemFO.png</texturefocus>
						<texturenofocus>rcb-MenuItemNF.png</texturenofocus>
						<label>$ADDON[script.games.rom.collection.browser 32617]</label>
						<textcolor>88FFFFFF</textcolor>
						<focusedcolor>FFFFFFFF</focusedcolor>
						<disabledcolor>80FFFFFF</disabledcolor>
						<align>right</align>
						<aligny>center</aligny>
						<textoffsetx></textoffsetx>
						<textoffsety></textoffsety>
						<pulseonselect></pulseonselect>
						<onup>5262</onup>
						<ondown>5280</ondown>
						<onleft>7000</onleft>
						<onright>6000</onright>
					</control>
					<!-- File Mask -->
					<control type="image">
						<posx>25</posx>
						<posy>60</posy>
						<width>270</width>
						<height>30</height>
						<texture>rcb-MenuItemFO.png</texture>
						<visible>Control.HasFocus(5280)</visible>
					</control>
					<control type="label">
						<posx>25</posx>
						<posy>60</posy>
						<width>200</width>
						<height>30</height>
						<font>font13</font>
						<textcolor>FFFFFFFF</textcolor>
						<align>left</align>
						<aligny>center</aligny>
						<label>$ADDON[script.games.rom.collection.browser 32618]</label>
						<visible>Control.HasFocus(5280)</visible>
					</control>
					<control type="label">
						<posx>25</posx>
						<posy>60</posy>
						<width>200</width>
						<height>30</height>
						<font>font13</font>
						<textcolor>88FFFFFF</textcolor>
						<align>left</align>
						<aligny>center</aligny>
						<label>$ADDON[script.games.rom.collection.browser 32618]</label>
						<visible>!Control.HasFocus(5280)</visible>
					</control>
					<control type="button" id="5280"> 
						<description>Media File Mask</description>
						<posx>240</posx>
						<posy>60</posy>
						<width>410</width>
						<height>30</height>
						<visible>true</visible>
						<font>font13</font>
						<colordiffuse>DDFFFFFF</colordiffuse>
						<texturefocus>rcb-MenuItemFO.png</texturefocus>
						<texturenofocus>rcb-MenuItemNF.png</texturenofocus>
						<label>$ADDON[script.games.rom.collection.browser 32618]</label>
						<textcolor>88FFFFFF</textcolor>
						<focusedcolor>FFFFFFFF</focusedcolor>
						<disabledcolor>80FFFFFF</disabledcolor>
						<align>right</align>
						<aligny>center</aligny>
						<textoffsetx></textoffsetx>
						<textoffsety></textoffsety>
						<pulseonselect></pulseonselect>
						<onup>5270</onup>
						<ondown>5490</ondown>
						<onleft>7000</onleft>
						<onright>6000</onright>
					</control>
					
					<control type="button" id="5490"> 
						<description>Remove Media path</description>
						<posx>25</posx>
						<posy>90</posy>
						<width>630</width>
						<height>30</height>
						<visible>true</visible>
						<font>font13</font>
						<colordiffuse>DDFFFFFF</colordiffuse>
						<texturefocus>rcb-MenuItemFO.png</texturefocus>
						<texturenofocus>rcb-MenuItemNF.png</texturenofocus>
						<label>$ADDON[script.games.rom.collection.browser 32619]</label>
						<textcolor>88FFFFFF</textcolor>
						<focusedcolor>FFFFFFFF</focusedcolor>
						<disabledcolor>80FFFFFF</disabledcolor>
						<align>left</align>
						<aligny>center</aligny>
						<textoffsetx></textoffsetx>
						<textoffsety></textoffsety>
						<pulseonselect></pulseonselect>
						<onup>5280</onup>
						<ondown>5500</ondown>
						<onleft>7000</onleft>
						<onright>6000</onright>
					</control>
					<control type="button" id="5500"> 
						<description>Add Media path</description>
						<posx>25</posx>
						<posy>120</posy>
						<width>630</width>
						<height>30</height>
						<visible>true</visible>
						<font>font13</font>
						<colordiffuse>DDFFFFFF</colordiffuse>
						<texturefocus>rcb-MenuItemFO.png</texturefocus>
						<texturenofocus>rcb-MenuItemNF.png</texturenofocus>
						<label>$ADDON[script.games.rom.collection.browser 32620]</label>
						<textcolor>88FFFFFF</textcolor>
						<focusedcolor>FFFFFFFF</focusedcolor>
						<disabledcolor>80FFFFFF</disabledcolor>
						<align>left</align>
						<aligny>center</aligny>
						<textoffsetx></textoffsetx>
						<textoffsety></textoffsety>
						<pulseonselect></pulseonselect>
						<onup>5490</onup>
						<ondown>6000</ondown>
						<onleft>7000</onleft>
						<onright>6000</onright>
					</control>
				</control>
			</control>				
				
			<!-- Game Browsing -->
			<control type="group" id="7002">
				<visible>Container(7000).Hasfocus(3)</visible>
				<posx>250</posx>
				<posy>120</posy>
				
				<control type="list" id="5320">
					<hitrect x="0" y="0" w="0" h="0" />
					<enable>false</enable>
					<posx>0</posx>
					<posy>0</posy>
					<width>670</width>
					<height>30</height>
					<onleft>5320</onleft>
					<onright>5320</onright>
					<onup>5320</onup>
					<ondown>5320</ondown>
					<pagecontrol>-</pagecontrol>
					<scrolltime>0</scrolltime>
					<itemlayout height="1" width="750">
					</itemlayout>
					<focusedlayout height="30" width="670">
						<control type="image">
							<posx>0</posx>
							<posy>0</posy>
							<width>670</width>
							<height>30</height>
							<texture>rcb-MenuItemNF.png</texture>
							<visible>![Control.HasFocus(5321) | Control.HasFocus(5322)]</visible>
						</control>
						<control type="image">
							<posx>0</posx>
							<posy>0</posy>
							<width>670</width>
							<height>30</height>
							<texture>rcb-MenuItemFO.png</texture>
							<visible>[Control.HasFocus(5321) | Control.HasFocus(5322)]</visible>
						</control>
						<control type="label">
							<posx>7</posx>
							<posy>5</posy>
							<width>300</width>
							<height>20</height>
							<font>font13</font>
							<textcolor>88FFFFFF</textcolor>
							<align>left</align>
							<aligny>center</aligny>
							<label>$ADDON[script.games.rom.collection.browser 32621]</label>
							<visible>![Control.HasFocus(5321) | Control.HasFocus(5322)]</visible>
						</control>
						<control type="label">
							<posx>7</posx>
							<posy>5</posy>
							<width>300</width>
							<height>20</height>
							<font>font13</font>
							<textcolor>FFFFFFFF</textcolor>
							<align>left</align>
							<aligny>center</aligny>
							<label>$ADDON[script.games.rom.collection.browser 32621]</label>
							<visible>[Control.HasFocus(5321) | Control.HasFocus(5322)]</visible>
						</control>
						<control type="label">
							<posx>590</posx>
							<posy>5</posy>
							<width>370</width>
							<height>20</height>
							<font>font13</font>
							<textcolor>88FFFFFF</textcolor>
							<align>right</align>
							<aligny>center</aligny>
							<label>$INFO[ListItem.Label]</label>
							<visible>![Control.HasFocus(5321) | Control.HasFocus(5322)]</visible>
						</control>
						<control type="label">
							<posx>590</posx>
							<posy>5</posy>
							<width>370</width>
							<height>20</height>
							<font>font13</font>
							<textcolor>FFFFFFFF</textcolor>
							<align>right</align>
							<aligny>center</aligny>
							<label>$INFO[ListItem.Label]</label>
							<visible>[Control.HasFocus(5321) | Control.HasFocus(5322)]</visible>
						</control>
					</focusedlayout>
				</control>
				<control type="button" id="5321">
					<description>Menu Item Next Button</description>
					<posx>610</posx>
					<posy>5</posy>
					<width>20</width>
					<height>20</height>
					<label>-</label>
					<font>-</font>
					<texturenofocus>rcb-scroll-down-2.png</texturenofocus>
					<texturefocus>rcb-scroll-down-focus-2.png</texturefocus>
					<onclick>Control.Move(5320,1)</onclick>
					<onleft>7000</onleft>
					<onright>5322</onright>
					<onup>5211</onup>
					<ondown>5341</ondown>
				</control>
				<control type="button" id="5322">
					<description>Menu Item Prev Button</description>
					<posx>630</posx>
					<posy>5</posy>
					<width>20</width>
					<height>20</height>
					<label>-</label>
					<font>-</font>
					<texturenofocus>rcb-scroll-up-2.png</texturenofocus>
					<texturefocus>rcb-scroll-up-focus-2.png</texturefocus>
					<onclick>Control.Move(5320,-1)</onclick>
					<onleft>5321</onleft>
					<onright>6000</onright>
					<onup>5212</onup>
					<ondown>5342</ondown>
				</control>
				
				
				<control type="list" id="5340">
					<hitrect x="0" y="0" w="0" h="0" />
					<enable>false</enable>
					<posx>0</posx>
					<posy>30</posy>
					<width>670</width>
					<height>30</height>
					<onleft>5340</onleft>
					<onright>5340</onright>
					<onup>5340</onup>
					<ondown>5340</ondown>
					<pagecontrol>-</pagecontrol>
					<scrolltime>0</scrolltime>
					<itemlayout height="1" width="750">
					</itemlayout>
					<focusedlayout height="30" width="670">
						<control type="image">
							<posx>0</posx>
							<posy>0</posy>
							<width>670</width>
							<height>30</height>
							<texture>rcb-MenuItemNF.png</texture>
							<visible>![Control.HasFocus(5341) | Control.HasFocus(5342)]</visible>
						</control>
						<control type="image">
							<posx>0</posx>
							<posy>0</posy>
							<width>670</width>
							<height>30</height>
							<texture>rcb-MenuItemFO.png</texture>
							<visible>[Control.HasFocus(5341) | Control.HasFocus(5342)]</visible>
						</control>
						<control type="label">
							<posx>7</posx>
							<posy>5</posy>
							<width>300</width>
							<height>20</height>
							<font>font13</font>
							<textcolor>88FFFFFF</textcolor>
							<align>left</align>
							<aligny>center</aligny>
							<label>$ADDON[script.games.rom.collection.browser 32622]</label>
							<visible>![Control.HasFocus(5341) | Control.HasFocus(5342)]</visible>
						</control>
						<control type="label">
							<posx>7</posx>
							<posy>5</posy>
							<width>300</width>
							<height>20</height>
							<font>font13</font>
							<textcolor>FFFFFFFF</textcolor>
							<align>left</align>
							<aligny>center</aligny>
							<label>$ADDON[script.games.rom.collection.browser 32622]</label>
							<visible>[Control.HasFocus(5341) | Control.HasFocus(5342)]</visible>
						</control>
						<control type="label">
							<posx>590</posx>
							<posy>5</posy>
							<width>370</width>
							<height>20</height>
							<font>font13</font>
							<textcolor>88FFFFFF</textcolor>
							<align>right</align>
							<aligny>center</aligny>
							<label>$INFO[ListItem.Label]</label>
							<visible>![Control.HasFocus(5341) | Control.HasFocus(5342)]</visible>
						</control>
						<control type="label">
							<posx>590</posx>
							<posy>5</posy>
							<width>370</width>
							<height>20</height>
							<font>font13</font>
							<textcolor>FFFFFFFF</textcolor>
							<align>right</align>
							<aligny>center</aligny>
							<label>$INFO[ListItem.Label]</label>
							<visible>[Control.HasFocus(5341) | Control.HasFocus(5342)]</visible>
						</control>
					</focusedlayout>
				</control>
				<control type="button" id="5341">
					<description>Menu Item Next Button</description>
					<posx>610</posx>
					<posy>35</posy>
					<width>20</width>
					<height>20</height>
					<label>-</label>
					<font>-</font>
					<texturenofocus>rcb-scroll-down-2.png</texturenofocus>
					<texturefocus>rcb-scroll-down-focus-2.png</texturefocus>
					<onclick>Control.Move(5340,1)</onclick>
					<onleft>7000</onleft>
					<onright>5342</onright>
					<onup>5321</onup>
					<ondown>5350</ondown>
				</control>
				<control type="button" id="5342">
					<description>Menu Item Prev Button</description>
					<posx>630</posx>
					<posy>35</posy>
					<width>20</width>
					<height>20</height>
					<label>-</label>
					<font>-</font>
					<texturenofocus>rcb-scroll-up-2.png</texturenofocus>
					<texturefocus>rcb-scroll-up-focus-2.png</texturefocus>
					<onclick>Control.Move(5340,-1)</onclick>
					<onleft>5341</onleft>
					<onright>6000</onright>
					<onup>5322</onup>
					<ondown>5350</ondown>
				</control>
				<!-- Autoplay Main -->
				<control type="radiobutton" id="5350">
					<posx>0</posx>
					<posy>60</posy>
					<width>660</width>
					<height>30</height>
					<font>font13</font>
					<label>$ADDON[script.games.rom.collection.browser 32623]</label>
					<textcolor>88FFFFFF</textcolor>
					<focusedcolor>FFFFFFFF</focusedcolor>
					<texturefocus>rcb-MenuItemFO.png</texturefocus>
					<texturenofocus>rcb-MenuItemNF.png</texturenofocus>
					<onleft>7000</onleft>
					<onright>6000</onright>
					<onup>5342</onup>
					<ondown>5360</ondown>
				</control>
				<!-- Autoplay Info -->
				<control type="radiobutton" id="5360">
					<posx>0</posx>
					<posy>90</posy>
					<width>660</width>
					<height>30</height>
					<font>font13</font>
					<label>$ADDON[script.games.rom.collection.browser 32636]</label>
					<textcolor>88FFFFFF</textcolor>
					<focusedcolor>FFFFFFFF</focusedcolor>
					<texturefocus>rcb-MenuItemFO.png</texturefocus>
					<texturenofocus>rcb-MenuItemNF.png</texturenofocus>
					<onleft>7000</onleft>
					<onright>6000</onright>
					<onup>5350</onup>
					<ondown>6000</ondown>
				</control>
				
			</control>
			
			<!-- Game Launching -->
			<control type="group" id="7003">
				<visible>Container(7000).Hasfocus(4)</visible>
				<posx>250</posx>
				<posy>120</posy>
				
				<!-- Emulator Cmd -->
				<control type="image">
					<posx>0</posx>
					<posy>0</posy>
					<width>270</width>
					<height>30</height>
					<texture>rcb-MenuItemFO.png</texture>
					<visible>Control.HasFocus(5220)</visible>
				</control>				
				<control type="label">
					<posx>7</posx>
					<posy>0</posy>
					<width>200</width>
					<height>30</height>
					<font>font13</font>
					<textcolor>FFFFFFFF</textcolor>
					<align>left</align>
					<aligny>center</aligny>
					<label>$ADDON[script.games.rom.collection.browser 32624]</label>
					<visible>Control.HasFocus(5220)</visible>
					<animation reversible="false" effect="fade" end="20" time="0" condition="SubString(Control.GetLabel(5540),*) + Control.IsVisible(5540)">Conditional</animation>
				</control>
				<control type="label">
					<posx>7</posx>
					<posy>0</posy>
					<width>200</width>
					<height>30</height>
					<font>font13</font>
					<textcolor>88FFFFFF</textcolor>
					<align>left</align>
					<aligny>center</aligny>
					<label>$ADDON[script.games.rom.collection.browser 32624]</label>
					<visible>!Control.HasFocus(5220)</visible>
					<animation reversible="false" effect="fade" end="20" time="0" condition="SubString(Control.GetLabel(5540),*) + Control.IsVisible(5540)">Conditional</animation>
				</control>
				<control type="button" id="5220"> 
					<description>EmuCmd</description>
					<posx>240</posx>
					<posy>0</posy>
					<width>410</width>
					<height>30</height>
					<visible>true</visible>
					<font>font13</font>
					<colordiffuse>DDFFFFFF</colordiffuse>
					<texturefocus>rcb-MenuItemFO.png</texturefocus>
					<texturenofocus>rcb-MenuItemNF.png</texturenofocus>
					<label>$INFO[ListItem.Label]</label>
					<textcolor>88FFFFFF</textcolor>
					<focusedcolor>FFFFFFFF</focusedcolor>
					<disabledcolor>80FFFFFF</disabledcolor>
					<align>right</align>
					<aligny>center</aligny>
					<textoffsetx></textoffsetx>
					<textoffsety></textoffsety>
					<pulseonselect></pulseonselect>
					<onup>5212</onup>
					<ondown>5230</ondown>
					<onleft>7000</onleft>
					<onright>6000</onright>
					<enable>!SubString(Control.GetLabel(5540),*) | !Control.IsVisible(5540)</enable>
					<animation reversible="false" effect="fade" end="20" time="0" condition="SubString(Control.GetLabel(5540),*) + Control.IsVisible(5540)">Conditional</animation>
				</control>
				
				<!-- Emulator Params -->
				<control type="image">
					<posx>0</posx>
					<posy>30</posy>
					<width>270</width>
					<height>30</height>
					<texture>rcb-MenuItemFO.png</texture>
					<visible>Control.HasFocus(5230)</visible>
				</control>
				<control type="label">
					<posx>7</posx>
					<posy>30</posy>
					<width>200</width>
					<height>30</height>
					<font>font13</font>
					<textcolor>FFFFFFFF</textcolor>
					<align>left</align>
					<aligny>center</aligny>
					<label>$ADDON[script.games.rom.collection.browser 32625]</label>
					<visible>Control.HasFocus(5230)</visible>
					<animation reversible="false" effect="fade" end="20" time="0" condition="SubString(Control.GetLabel(5540),*) + Control.IsVisible(5540)">Conditional</animation>
				</control>
				<control type="label">
					<posx>7</posx>
					<posy>30</posy>
					<width>200</width>
					<height>30</height>
					<font>font13</font>
					<textcolor>88FFFFFF</textcolor>
					<align>left</align>
					<aligny>center</aligny>
					<label>$ADDON[script.games.rom.collection.browser 32625]</label>
					<visible>!Control.HasFocus(5230)</visible>
					<animation reversible="false" effect="fade" end="20" time="0" condition="SubString(Control.GetLabel(5540),*) + Control.IsVisible(5540)">Conditional</animation>
				</control>
				<control type="button" id="5230"> 
					<description>EmuParams</description>
					<posx>240</posx>
					<posy>30</posy>
					<width>410</width>
					<height>30</height>
					<visible>true</visible>
					<font>font13</font>
					<colordiffuse>DDFFFFFF</colordiffuse>
					<texturefocus>rcb-MenuItemFO.png</texturefocus>
					<texturenofocus>rcb-MenuItemNF.png</texturenofocus>
					<textcolor>88FFFFFF</textcolor>
					<focusedcolor>FFFFFFFF</focusedcolor>
					<disabledcolor>80FFFFFF</disabledcolor>
					<align>right</align>
					<aligny>center</aligny>
					<textoffsetx></textoffsetx>
					<textoffsety></textoffsety>
					<pulseonselect></pulseonselect>
					<onup>5220</onup>
					<ondown>5440</ondown>
					<onleft>7000</onleft>
					<onright>6000</onright>
					<enable>!SubString(Control.GetLabel(5540),*) | !Control.IsVisible(5540)</enable>
					<animation reversible="false" effect="fade" end="20" time="0" condition="SubString(Control.GetLabel(5540),*) + Control.IsVisible(5540)">Conditional</animation>
				</control>
				
				<!-- Use emu solo -->
				<control type="radiobutton" id="5440">
					<posx>0</posx>
					<posy>60</posy>
					<width>660</width>
					<height>30</height>
					<font>font13</font>
					<label>$ADDON[script.games.rom.collection.browser 32626]</label>
					<textcolor>88FFFFFF</textcolor>
					<focusedcolor>FFFFFFFF</focusedcolor>
					<texturefocus>rcb-MenuItemFO.png</texturefocus>
					<texturenofocus>rcb-MenuItemNF.png</texturenofocus>
					<onleft>7000</onleft>
					<onright>6000</onright>
					<onup>5230</onup>
					<ondown>5530</ondown>
					<enable>!SubString(Control.GetLabel(5540),*) | !Control.IsVisible(5540)</enable>
					<animation reversible="false" effect="fade" end="50" time="0" condition="SubString(Control.GetLabel(5540),*) + Control.IsVisible(5540)">Conditional</animation>
				</control>
				
				<!-- Use Popen -->
				<control type="radiobutton" id="5530">
					<posx>0</posx>
					<posy>90</posy>
					<width>660</width>
					<height>30</height>
					<font>font13</font>
					<label>$ADDON[script.games.rom.collection.browser 32627]</label>
					<textcolor>88FFFFFF</textcolor>
					<focusedcolor>FFFFFFFF</focusedcolor>
					<texturefocus>rcb-MenuItemFO.png</texturefocus>
					<texturenofocus>rcb-MenuItemNF.png</texturenofocus>
					<onleft>7000</onleft>
					<onright>6000</onright>
					<onup>5440</onup>
					<ondown>5460</ondown>
					<enable>!SubString(Control.GetLabel(5540),*) | !Control.IsVisible(5540)</enable>
					<animation reversible="false" effect="fade" end="50" time="0" condition="SubString(Control.GetLabel(5540),*) + Control.IsVisible(5540)">Conditional</animation>
				</control>
				
				<!-- Savestate path -->
				<control type="image">
					<posx>0</posx>
					<posy>120</posy>
					<width>270</width>
					<height>30</height>
					<texture>rcb-MenuItemFO.png</texture>
					<visible>Control.HasFocus(5460)</visible>
				</control>
				<control type="label">
					<posx>7</posx>
					<posy>120</posy>
					<width>200</width>
					<height>30</height>
					<font>font13</font>
					<textcolor>FFFFFFFF</textcolor>
					<align>left</align>
					<aligny>center</aligny>
					<label>$ADDON[script.games.rom.collection.browser 32629]</label>
					<visible>Control.HasFocus(5460)</visible>
					<animation reversible="false" effect="fade" end="20" time="0" condition="SubString(Control.GetLabel(5540),*) + Control.IsVisible(5540)">Conditional</animation>
				</control>
				<control type="label">
					<posx>7</posx>
					<posy>120</posy>
					<width>200</width>
					<height>30</height>
					<font>font13</font>
					<textcolor>88FFFFFF</textcolor>
					<align>left</align>
					<aligny>center</aligny>
					<label>$ADDON[script.games.rom.collection.browser 32629]</label>
					<visible>!Control.HasFocus(5460)</visible>
					<animation reversible="false" effect="fade" end="20" time="0" condition="SubString(Control.GetLabel(5540),*) + Control.IsVisible(5540)">Conditional</animation>
				</control>
				<control type="button" id="5460"> 
					<description>Savestates</description>
					<posx>240</posx>
					<posy>120</posy>
					<width>410</width>
					<height>30</height>
					<visible>true</visible>
					<font>font13</font>
					<colordiffuse>DDFFFFFF</colordiffuse>
					<texturefocus>rcb-MenuItemFO.png</texturefocus>
					<texturenofocus>rcb-MenuItemNF.png</texturenofocus>
					<textcolor>88FFFFFF</textcolor>
					<focusedcolor>FFFFFFFF</focusedcolor>
					<disabledcolor>80FFFFFF</disabledcolor>
					<align>right</align>
					<aligny>center</aligny>
					<textoffsetx></textoffsetx>
					<textoffsety></textoffsety>
					<pulseonselect></pulseonselect>
					<onup>5530</onup>
					<ondown>5470</ondown>
					<onleft>7000</onleft>
					<onright>6000</onright>
					<enable>!SubString(Control.GetLabel(5540),*) | !Control.IsVisible(5540)</enable>
					<animation reversible="false" effect="fade" end="20" time="0" condition="SubString(Control.GetLabel(5540),*) + Control.IsVisible(5540)">Conditional</animation>
				</control>
				<!-- Savestate file mask -->
				<control type="image">
					<posx>0</posx>
					<posy>150</posy>
					<width>270</width>
					<height>30</height>
					<texture>rcb-MenuItemFO.png</texture>
					<visible>Control.HasFocus(5470)</visible>
				</control>
				<control type="label">
					<posx>7</posx>
					<posy>150</posy>
					<width>200</width>
					<height>30</height>
					<font>font13</font>
					<textcolor>FFFFFFFF</textcolor>
					<align>left</align>
					<aligny>center</aligny>
					<label>$ADDON[script.games.rom.collection.browser 32630]</label>
					<visible>Control.HasFocus(5470)</visible>
					<animation reversible="false" effect="fade" end="20" time="0" condition="SubString(Control.GetLabel(5540),*) + Control.IsVisible(5540)">Conditional</animation>
				</control>
				<control type="label">
					<posx>7</posx>
					<posy>150</posy>
					<width>200</width>
					<height>30</height>
					<font>font13</font>
					<textcolor>88FFFFFF</textcolor>
					<align>left</align>
					<aligny>center</aligny>
					<label>$ADDON[script.games.rom.collection.browser 32630]</label>
					<visible>!Control.HasFocus(5470)</visible>
					<animation reversible="false" effect="fade" end="20" time="0" condition="SubString(Control.GetLabel(5540),*) + Control.IsVisible(5540)">Conditional</animation>
				</control>
				<control type="button" id="5470"> 
					<description>Savestates</description>
					<posx>240</posx>
					<posy>150</posy>
					<width>410</width>
					<height>30</height>
					<visible>true</visible>
					<font>font13</font>
					<colordiffuse>DDFFFFFF</colordiffuse>
					<texturefocus>rcb-MenuItemFO.png</texturefocus>
					<texturenofocus>rcb-MenuItemNF.png</texturenofocus>
					<textcolor>88FFFFFF</textcolor>
					<focusedcolor>FFFFFFFF</focusedcolor>
					<disabledcolor>80FFFFFF</disabledcolor>
					<align>right</align>
					<aligny>center</aligny>
					<textoffsetx></textoffsetx>
					<textoffsety></textoffsety>
					<pulseonselect></pulseonselect>
					<onup>5460</onup>
					<ondown>5480</ondown>
					<onleft>7000</onleft>
					<onright>6000</onright>
					<enable>!SubString(Control.GetLabel(5540),*) | !Control.IsVisible(5540)</enable>
					<animation reversible="false" effect="fade" end="20" time="0" condition="SubString(Control.GetLabel(5540),*) + Control.IsVisible(5540)">Conditional</animation>
				</control>
				
				<!-- Savestate params -->
				<control type="image">
					<posx>0</posx>
					<posy>180</posy>
					<width>270</width>
					<height>30</height>
					<texture>rcb-MenuItemFO.png</texture>
					<visible>Control.HasFocus(5480)</visible>
				</control>
				<control type="label">
					<posx>7</posx>
					<posy>180</posy>
					<width>200</width>
					<height>30</height>
					<font>font13</font>
					<textcolor>FFFFFFFF</textcolor>
					<align>left</align>
					<aligny>center</aligny>
					<label>$ADDON[script.games.rom.collection.browser 32631]</label>
					<visible>Control.HasFocus(5480)</visible>
					<animation reversible="false" effect="fade" end="20" time="0" condition="SubString(Control.GetLabel(5540),*) + Control.IsVisible(5540)">Conditional</animation>
				</control>
				<control type="label">
					<posx>7</posx>
					<posy>180</posy>
					<width>200</width>
					<height>30</height>
					<font>font13</font>
					<textcolor>88FFFFFF</textcolor>
					<align>left</align>
					<aligny>center</aligny>
					<label>$ADDON[script.games.rom.collection.browser 32631]</label>
					<visible>!Control.HasFocus(5480)</visible>
					<animation reversible="false" effect="fade" end="20" time="0" condition="SubString(Control.GetLabel(5540),*) + Control.IsVisible(5540)">Conditional</animation>
				</control>
				<control type="button" id="5480"> 
					<description>Savestates</description>
					<posx>240</posx>
					<posy>180</posy>
					<width>410</width>
					<height>30</height>
					<visible>true</visible>
					<font>font13</font>
					<colordiffuse>DDFFFFFF</colordiffuse>
					<texturefocus>rcb-MenuItemFO.png</texturefocus>
					<texturenofocus>rcb-MenuItemNF.png</texturenofocus>
					<textcolor>88FFFFFF</textcolor>
					<focusedcolor>FFFFFFFF</focusedcolor>
					<disabledcolor>80FFFFFF</disabledcolor>
					<align>right</align>
					<aligny>center</aligny>
					<textoffsetx></textoffsetx>
					<textoffsety></textoffsety>
					<pulseonselect></pulseonselect>
					<onup>5470</onup>
					<ondown>5510</ondown>
					<onleft>7000</onleft>
					<onright>6000</onright>
					<enable>!SubString(Control.GetLabel(5540),*) | !Control.IsVisible(5540)</enable>
					<animation reversible="false" effect="fade" end="20" time="0" condition="SubString(Control.GetLabel(5540),*) + Control.IsVisible(5540)">Conditional</animation>
				</control>
				
				<!-- PreCmd -->
				<control type="image">
					<posx>0</posx>
					<posy>210</posy>
					<width>270</width>
					<height>30</height>
					<texture>rcb-MenuItemFO.png</texture>
					<visible>Control.HasFocus(5510)</visible>
				</control>
				<control type="label">
					<posx>7</posx>
					<posy>210</posy>
					<width>200</width>
					<height>30</height>
					<font>font13</font>
					<textcolor>FFFFFFFF</textcolor>
					<align>left</align>
					<aligny>center</aligny>
					<label>$ADDON[script.games.rom.collection.browser 32632]</label>
					<visible>Control.HasFocus(5510)</visible>
					<animation reversible="false" effect="fade" end="20" time="0" condition="SubString(Control.GetLabel(5540),*) + Control.IsVisible(5540)">Conditional</animation>
				</control>
				<control type="label">
					<posx>7</posx>
					<posy>210</posy>
					<width>200</width>
					<height>30</height>
					<font>font13</font>
					<textcolor>88FFFFFF</textcolor>
					<align>left</align>
					<aligny>center</aligny>
					<label>$ADDON[script.games.rom.collection.browser 32632]</label>
					<visible>!Control.HasFocus(5510)</visible>
					<animation reversible="false" effect="fade" end="20" time="0" condition="SubString(Control.GetLabel(5540),*) + Control.IsVisible(5540)">Conditional</animation>
				</control>
				<control type="button" id="5510"> 
					<description>Pre-Launch Command</description>
					<posx>240</posx>
					<posy>210</posy>
					<width>410</width>
					<height>30</height>
					<visible>true</visible>
					<font>font13</font>
					<colordiffuse>DDFFFFFF</colordiffuse>
					<texturefocus>rcb-MenuItemFO.png</texturefocus>
					<texturenofocus>rcb-MenuItemNF.png</texturenofocus>
					<textcolor>88FFFFFF</textcolor>
					<focusedcolor>FFFFFFFF</focusedcolor>
					<disabledcolor>80FFFFFF</disabledcolor>
					<align>right</align>
					<aligny>center</aligny>
					<textoffsetx></textoffsetx>
					<textoffsety></textoffsety>
					<pulseonselect></pulseonselect>
					<onup>5480</onup>
					<ondown>5520</ondown>
					<onleft>7000</onleft>
					<onright>6000</onright>
					<enable>!SubString(Control.GetLabel(5540),*) | !Control.IsVisible(5540)</enable>
					<animation reversible="false" effect="fade" end="20" time="0" condition="SubString(Control.GetLabel(5540),*) + Control.IsVisible(5540)">Conditional</animation>
				</control>
				<!-- PostCmd -->
				<control type="image">
					<posx>0</posx>
					<posy>240</posy>
					<width>270</width>
					<height>30</height>
					<texture>rcb-MenuItemFO.png</texture>
					<visible>Control.HasFocus(5520)</visible>
				</control>
				<control type="label">
					<posx>7</posx>
					<posy>240</posy>
					<width>200</width>
					<height>30</height>
					<font>font13</font>
					<textcolor>FFFFFFFF</textcolor>
					<align>left</align>
					<aligny>center</aligny>
					<label>$ADDON[script.games.rom.collection.browser 32633]</label>
					<visible>Control.HasFocus(5520)</visible>
					<animation reversible="false" effect="fade" end="20" time="0" condition="SubString(Control.GetLabel(5540),*) + Control.IsVisible(5540)">Conditional</animation>
				</control>
				<control type="label">
					<posx>7</posx>
					<posy>240</posy>
					<width>200</width>
					<height>30</height>
					<font>font13</font>
					<textcolor>88FFFFFF</textcolor>
					<align>left</align>
					<aligny>center</aligny>
					<label>$ADDON[script.games.rom.collection.browser 32633]</label>
					<visible>!Control.HasFocus(5520)</visible>
					<animation reversible="false" effect="fade" end="20" time="0" condition="SubString(Control.GetLabel(5540),*) + Control.IsVisible(5540)">Conditional</animation>
				</control>
				<control type="button" id="5520"> 
					<description>Post-Launch Command</description>
					<posx>240</posx>
					<posy>240</posy>
					<width>410</width>
					<height>30</height>
					<visible>true</visible>
					<font>font13</font>
					<colordiffuse>DDFFFFFF</colordiffuse>
					<texturefocus>rcb-MenuItemFO.png</texturefocus>
					<texturenofocus>rcb-MenuItemNF.png</texturenofocus>
					<textcolor>88FFFFFF</textcolor>
					<focusedcolor>FFFFFFFF</focusedcolor>
					<disabledcolor>80FFFFFF</disabledcolor>
					<align>right</align>
					<aligny>center</aligny>
					<textoffsetx></textoffsetx>
					<textoffsety></textoffsety>
					<pulseonselect></pulseonselect>
					<onup>5510</onup>
					<ondown>5450</ondown>
					<onleft>7000</onleft>
					<onright>6000</onright>
					<enable>!SubString(Control.GetLabel(5540),*) | !Control.IsVisible(5540)</enable>
					<animation reversible="false" effect="fade" end="20" time="0" condition="SubString(Control.GetLabel(5540),*) + Control.IsVisible(5540)">Conditional</animation>
				</control>
				
				<!-- Do not extract zip files -->
				<control type="radiobutton" id="5450">
					<posx>0</posx>
					<posy>270</posy>
					<width>660</width>
					<height>30</height>
					<font>font13</font>
					<label>$ADDON[script.games.rom.collection.browser 32628]</label>
					<textcolor>88FFFFFF</textcolor>
					<focusedcolor>FFFFFFFF</focusedcolor>
					<texturefocus>rcb-MenuItemFO.png</texturefocus>
					<texturenofocus>rcb-MenuItemNF.png</texturenofocus>
					<onleft>7000</onleft>
					<onright>6000</onright>
					<onup>5520</onup>
					<ondown>5540</ondown>
				</control>
				
				<!-- Use RetroPlayer -->
				<control type="radiobutton" id="5540">
					<posx>0</posx>
					<posy>300</posy>
					<width>660</width>
					<height>30</height>
					<font>font13</font>
					<label>$ADDON[script.games.rom.collection.browser 32637]</label>
					<textcolor>88FFFFFF</textcolor>
					<focusedcolor>FFFFFFFF</focusedcolor>
					<texturefocus>rcb-MenuItemFO.png</texturefocus>
					<texturenofocus>rcb-MenuItemNF.png</texturenofocus>
					<onleft>7000</onleft>
					<onright>6000</onright>
					<onup>5450</onup>
					<ondown>5550</ondown>
				</control>
				<!-- Game Client -->
				<control type="image">
					<posx>0</posx>
					<posy>330</posy>
					<width>270</width>
					<height>30</height>
					<texture>rcb-MenuItemFO.png</texture>
					<visible>Control.HasFocus(5550) + Control.IsVisible(5550)</visible>
				</control>				
				<control type="label">
					<posx>7</posx>
					<posy>330</posy>
					<width>200</width>
					<height>30</height>
					<font>font13</font>
					<textcolor>FFFFFFFF</textcolor>
					<align>left</align>
					<aligny>center</aligny>
					<label>$ADDON[script.games.rom.collection.browser 32638]</label>
					<visible>Control.HasFocus(5550) + Control.IsVisible(5550)</visible>
					<animation reversible="false" effect="fade" end="20" time="0" condition="!SubString(Control.GetLabel(5540),*)">Conditional</animation>
				</control>
				<control type="label">
					<posx>7</posx>
					<posy>330</posy>
					<width>200</width>
					<height>30</height>
					<font>font13</font>
					<textcolor>88FFFFFF</textcolor>
					<align>left</align>
					<aligny>center</aligny>
					<label>$ADDON[script.games.rom.collection.browser 32638]</label>
					<visible>!Control.HasFocus(5550) + Control.IsVisible(5550)</visible>
					<animation reversible="false" effect="fade" end="20" time="0" condition="!SubString(Control.GetLabel(5540),*)">Conditional</animation>
				</control>
				<control type="button" id="5550">
					<description>Game client</description>
					<posx>240</posx>
					<posy>330</posy>
					<width>410</width>
					<height>30</height>
					<visible>true</visible>
					<font>font13</font>
					<colordiffuse>DDFFFFFF</colordiffuse>
					<texturefocus>rcb-MenuItemFO.png</texturefocus>
					<texturenofocus>rcb-MenuItemNF.png</texturenofocus>
					<label>$INFO[ListItem.Label]</label>
					<textcolor>88FFFFFF</textcolor>
					<focusedcolor>FFFFFFFF</focusedcolor>
					<disabledcolor>80FFFFFF</disabledcolor>
					<align>right</align>
					<aligny>center</aligny>
					<enable>SubString(Control.GetLabel(5540),*)</enable>
					<textoffsetx></textoffsetx>
					<textoffsety></textoffsety>
					<pulseonselect></pulseonselect>
					<onup>5540</onup>
					<ondown>6000</ondown>
					<onleft>7000</onleft>
					<onright>6000</onright>
				</control>
			</control>
			
		</control>
			
		<!-- Buttons -->
		<control type="button" id="6000"> 
			<description>Save</description>
			<posx>260</posx>
			<posy>520</posy>
			<width>200</width>
			<height>30</height>
			<visible>true</visible>
			<font>font13</font>
			<colordiffuse>DDFFFFFF</colordiffuse>
			<texturefocus>rcb-button-focus.png</texturefocus>
			<texturenofocus>rcb-button-nofocus.png</texturenofocus>
			<label>$ADDON[script.games.rom.collection.browser 32634]</label>
			<textcolor>88FFFFFF</textcolor>
			<disabledcolor>80FFFFFF</disabledcolor>
			<align>center</align>
			<aligny>center</aligny>
			<textoffsetx></textoffsetx>
			<textoffsety></textoffsety>
			<pulseonselect></pulseonselect>
			<onup>7010</onup>
			<ondown>5101</ondown>
			<onleft>7000</onleft>
			<onright>6010</onright>
		</control>
		<control type="button" id="6010"> 
			<description>Cancel</description>
			<posx>480</posx>
			<posy>520</posy>
			<width>200</width>
			<height>30</height>
			<visible>true</visible>
			<font>font13</font>
			<colordiffuse>DDFFFFFF</colordiffuse>
			<texturefocus>rcb-button-focus.png</texturefocus>
			<texturenofocus>rcb-button-nofocus.png</texturenofocus>
			<label>$ADDON[script.games.rom.collection.browser 32635]</label>
			<textcolor>88FFFFFF</textcolor>
			<disabledcolor>80FFFFFF</disabledcolor>
			<align>center</align>
			<aligny>center</aligny>
			<textoffsetx></textoffsetx>
			<textoffsety></textoffsety>
			<pulseonselect></pulseonselect>
			<onup>7010</onup>
			<ondown>5101</ondown>
			<onleft>6000</onleft>
			<onright>7000</onright>
		</control>		
	</controls>
</window>