<parserConfig>
	<GameGrammar type="multiline">
		<SkippableContent restOfLine="true"></SkippableContent>
		<crc restOfLine="true" delimiter=","></crc>
		<Game restOfLine="true"></Game>		
		<SkippableContent>Platform: </SkippableContent>
		<Platform delimiter="," restOfLine="true"></Platform>
		<SkippableContent>Region: </SkippableContent>
		<Region delimiter="," restOfLine="true"></Region>
		<SkippableContent>Media: </SkippableContent>
		<Media delimiter="," restOfLine="true"></Media>
		<SkippableContent>Controller: </SkippableContent>
		<Controller delimiter="," restOfLine="true"></Controller>
		<SkippableContent>Genre: </SkippableContent>
		<Genre delimiter="," restOfLine="true"></Genre>
		<SkippableContent>Release Year: </SkippableContent>
		<ReleaseYear delimiter="," restOfLine="true"></ReleaseYear>
		<SkippableContent>Developer: </SkippableContent>
		<Developer delimiter="," restOfLine="true"></Developer>
		<SkippableContent>Publisher: </SkippableContent>
		<Publisher restOfLine="true"></Publisher>
		<SkippableContent>Players: </SkippableContent>
		<Players delimiter="," restOfLine="true"></Players>
		<SkippableContent restOfLine="true"></SkippableContent>
		<SkippableContent restOfLine="true"></SkippableContent>
		<Description skipTo="LineStart*LineEnd"></Description>
		<SkippableContent restOfLine="true"></SkippableContent>		
	</GameGrammar>
</parserConfig>