<parserConfig>
	<GameGrammar type="multiline">
		<SkippableContent skipTo="LineStart*LineEnd"></SkippableContent>
		<SkippableContent>LineStart*LineEnd</SkippableContent>
		<crc restOfLine="true" delimiter=","></crc>
		<Game restOfLine="true"></Game>
		<SkippableContent>Platform:</SkippableContent>
		<Platform optional="true" delimiter="," restOfLine="true"></Platform>
		<SkippableContent>Media:</SkippableContent>
		<Media optional="true" delimiter="," restOfLine="true"></Media>
		<SkippableContent>Controller:</SkippableContent>
		<Controller optional="true" delimiter="," restOfLine="true"></Controller>
		<SkippableContent>Genre:</SkippableContent>
		<Genre optional="true" delimiter="," restOfLine="true"></Genre>
		<SkippableContent>Release Year:</SkippableContent>
		<ReleaseYear optional="true" delimiter="," restOfLine="true"></ReleaseYear>
		<SkippableContent>Developer:</SkippableContent>
		<Developer optional="true" delimiter="," restOfLine="true"></Developer>
		<SkippableContent>Publisher:</SkippableContent>
		<Publisher optional="true" restOfLine="true"></Publisher>		
		<SkippableContent>Players:</SkippableContent>
		<Players optional="true" delimiter="," restOfLine="true"></Players>		
		<SkippableContent>Original Title:</SkippableContent>
		<OriginalTitle optional="true" delimiter="," restOfLine="true"></OriginalTitle>
		<SkippableContent>Alternate Title:</SkippableContent>
		<AlternateTitle optional="true" delimiter="," restOfLine="true"></AlternateTitle>		
		<SkippableContent>Region:</SkippableContent>
		<Region optional="true" delimiter="," restOfLine="true"></Region>		
		<SkippableContent>Translated By:</SkippableContent>
		<TranslatedBy optional="true" delimiter="," restOfLine="true"></TranslatedBy>
		<SkippableContent>Hacked By:</SkippableContent>
		<HackedBy optional="true" delimiter="," restOfLine="true"></HackedBy>									
		<SkippableContent>Version:</SkippableContent>
		<Version optional="true" delimiter="," restOfLine="true"></Version>		
		<SkippableContent restOfLine="true"></SkippableContent>
		<SkippableContent restOfLine="true"></SkippableContent>
		<Description optional="true" skipTo="LineStart*LineEnd"></Description>
		<SkippableContent>*LineEnd</SkippableContent>		
	</GameGrammar>
</parserConfig>