<window id="5200">
	<defaultcontrol>7010</defaultcontrol>
	<include>dialogeffect</include>
	<coordinates>
		<system>1</system>
		<posx>220</posx>
		<posy>60</posy>
	</coordinates>
	
	<controls>
		<!-- Window -->		
		<control type="image">
			<description>background image</description>
			<posx>0</posx>
			<posy>0</posy>
			<width>920</width>
			<height>600</height>
			<texture border="45">rcb-DialogBack.png</texture>
		</control>
		<control type="image">
			<description>background image</description>
			<posx>240</posx>
			<posy>10</posy>
			<width>670</width>
			<height>570</height>				
			<texture border="0,0,0,0">rcb-floor.png</texture>
		</control>
		<control type="label">
			<posx>250</posx>
			<posy>25</posy>
			<width>520</width>
			<height>30</height>
			<font>font13caps</font>
			<textcolor>white</textcolor>
			<align>left</align>
			<aligny>center</aligny>
			<label>$ADDON[script.games.rom.collection.browser 30000] - $ADDON[script.games.rom.collection.browser 52000]</label>
		</control>
		<control type="button" id="5101">
			<description>Close Window button</description>
			<posx>865</posx>
			<posy>25</posy>
			<width>40</width>
			<height>25</height>
			<label>-</label>
			<font>-</font>
			<texturefocus>rcb-DialogCloseButton-focus.png</texturefocus>
			<texturenofocus>rcb-DialogCloseButton.png</texturenofocus>
			<onleft>5211</onleft>
			<onright>5211</onright>
			<onup>6000</onup>
			<ondown>7010</ondown>
			<visible>system.getbool(input.enablemouse)</visible>
		</control>
		
		<!-- Category buttons -->
		<control type="list" id="7000">
			<posx>15</posx>
			<posy>85</posy>
			<width>220</width>
			<height>210</height>
			<onleft>7010</onleft>
			<onright>7010</onright>
			<onup>7000</onup>
			<ondown>7000</ondown>
			<pagecontrol>-</pagecontrol>
			<scrolltime>300</scrolltime>
			<itemlayout height="40" width="150">
				<control type="image">
					<posx>0</posx>
					<posy>0</posy>
					<width>210</width>
					<height>40</height>
					<texture border="5">rcb-MenuItemNF.png</texture>
				</control>
				<control type="label">
					<posx>220</posx>
					<posy>5</posy>
					<width>240</width>
					<height>30</height>
					<font>font13_title</font>
					<textcolor>88FFFFFF</textcolor>
					<align>right</align>
					<aligny>center</aligny>
					<label>$INFO[ListItem.Label]</label>
				</control>
			</itemlayout>
			<focusedlayout height="40" width="150">
				<control type="image">
					<posx>0</posx>
					<posy>0</posy>
					<width>210</width>
					<height>40</height>
					<texture border="5">rcb-MenuItemFO.png</texture>
					<animation effect="fade" start="100" end="30" time="100" condition="!Control.HasFocus(7000)">Conditional</animation>
				</control>
				<control type="label">
					<posx>220</posx>
					<posy>5</posy>
					<width>220</width>
					<height>30</height>
					<font>font13_title</font>
					<textcolor>FFFFFFFF</textcolor>
					<align>right</align>
					<aligny>center</aligny>
					<label>$INFO[ListItem.Label]</label>
				</control>
			</focusedlayout>
			<content>
				<item id="1">
					<label>$ADDON[script.games.rom.collection.browser 53000]</label>
					<onclick>-</onclick>
				</item>
			</content>
		</control>
						
		<control type="group" id="7010">
			<!-- Offline scrapers -->
			<control type="group" id="7004">				
				<posx>250</posx>
				<posy>65</posy>
				
				<!-- Scraper List -->
				<control type="list" id="5600">
					<hitrect x="0" y="0" w="0" h="0" />					
					<posx>0</posx>
					<posy>0</posy>
					<width>670</width>
					<height>30</height>
					<onleft>5600</onleft>
					<onright>5600</onright>
					<onup>5600</onup>
					<ondown>5600</ondown>
					<enable>false</enable>
					<pagecontrol>-</pagecontrol>
					<scrolltime>0</scrolltime>
					<itemlayout height="1" width="750">
					</itemlayout>
					<focusedlayout height="30" width="670">
						<control type="image">
							<posx>0</posx>
							<posy>0</posy>
							<width>670</width>
							<height>30</height>
							<texture>rcb-MenuItemNF.png</texture>
							<visible>![Control.HasFocus(5601) | Control.HasFocus(5602)]</visible>
						</control>
						<control type="image">
							<posx>0</posx>
							<posy>0</posy>
							<width>670</width>
							<height>30</height>
							<texture>rcb-MenuItemFO.png</texture>
							<visible>[Control.HasFocus(5601) | Control.HasFocus(5602)]</visible>
						</control>
						<control type="label">
							<posx>7</posx>
							<posy>5</posy>
							<width>200</width>
							<height>20</height>
							<font>font13</font>
							<textcolor>88FFFFFF</textcolor>
							<align>left</align>
							<aligny>center</aligny>
							<label>$ADDON[script.games.rom.collection.browser 53001]</label>
							<visible>![Control.HasFocus(5601) | Control.HasFocus(5602)]</visible>
						</control>
						<control type="label">
							<posx>7</posx>
							<posy>5</posy>
							<width>200</width>
							<height>20</height>
							<font>font13</font>
							<textcolor>white</textcolor>
							<align>left</align>
							<aligny>center</aligny>
							<label>$ADDON[script.games.rom.collection.browser 53000]</label>
							<visible>[Control.HasFocus(5601) | Control.HasFocus(5602)]</visible>
						</control>
						<control type="label">
							<posx>590</posx>
							<posy>5</posy>
							<width>370</width>
							<height>20</height>
							<font>font13</font>
							<textcolor>88FFFFFF</textcolor>
							<align>right</align>
							<aligny>center</aligny>
							<label>$INFO[ListItem.Label]</label>
							<visible>![Control.HasFocus(5601) | Control.HasFocus(5602)]</visible>
						</control>
						<control type="label">
							<posx>590</posx>
							<posy>5</posy>
							<width>370</width>
							<height>20</height>
							<font>font13</font>
							<textcolor>white</textcolor>
							<align>right</align>
							<aligny>center</aligny>
							<label>$INFO[ListItem.Label]</label>
							<visible>[Control.HasFocus(5601) | Control.HasFocus(5602)]</visible>
						</control>
					</focusedlayout>
				</control>
				<control type="button" id="5601">
					<description>Menu Item Next Button</description>					
					<posx>610</posx>
					<posy>5</posy>
					<width>20</width>
					<height>20</height>
					<label>-</label>
					<font>-</font>
					<texturenofocus>rcb-scroll-down-2.png</texturenofocus>
					<texturefocus>rcb-scroll-down-focus-2.png</texturefocus>
					<onclick>Control.Move(5600,1)</onclick>
					<onleft>7000</onleft>
					<onright>5602</onright>
					<onup>5101</onup>
					<ondown>5550</ondown>
				</control>
				<control type="button" id="5602">
					<description>Menu Item Prev Button</description>					
					<posx>630</posx>
					<posy>5</posy>
					<width>20</width>
					<height>20</height>
					<label>-</label>
					<font>-</font>
					<texturenofocus>rcb-scroll-up-2.png</texturenofocus>
					<texturefocus>rcb-scroll-up-focus-2.png</texturefocus>
					<onclick>Control.Move(5600,-1)</onclick>
					<onleft>5601</onleft>
					<onright>6000</onright>
					<onup>5101</onup>
					<ondown>5550</ondown>
				</control>
				
				<!-- descfile per game -->
				<control type="radiobutton" id="5550">
					<posx>0</posx>
					<posy>60</posy>
					<width>660</width>
					<height>30</height>
					<font>font13</font>
					<label>$ADDON[script.games.rom.collection.browser 53002]</label>
					<textcolor>88FFFFFF</textcolor>
					<focusedcolor>white</focusedcolor>
					<texturefocus>rcb-MenuItemFO.png</texturefocus>
					<texturenofocus>rcb-MenuItemNF.png</texturenofocus>
					<onleft>7000</onleft>
					<onright>6000</onright>
					<onup>5601</onup>
					<ondown>5520</ondown>
					<onclick>Skin.ToggleSetting(rcb_editScraper_descFilePerGame)</onclick>
				</control>
				<!-- Path game desc -->
				<control type="image">
					<posx>0</posx>
					<posy>90</posy>
					<width>270</width>
					<height>30</height>
					<texture>rcb-MenuItemFO.png</texture>
					<visible>Control.HasFocus(5520)</visible>
				</control>				
				<control type="label">
					<posx>7</posx>
					<posy>90</posy>
					<width>200</width>
					<height>30</height>
					<font>font13</font>
					<textcolor>white</textcolor>
					<align>left</align>
					<aligny>center</aligny>
					<label>$ADDON[script.games.rom.collection.browser 53003]</label>
					<visible>Control.HasFocus(5520)</visible>
				</control>
				<control type="label">
					<posx>7</posx>
					<posy>90</posy>
					<width>200</width>
					<height>30</height>
					<font>font13</font>
					<textcolor>88FFFFFF</textcolor>
					<align>left</align>
					<aligny>center</aligny>
					<label>$ADDON[script.games.rom.collection.browser 53003]</label>
					<visible>!Control.HasFocus(5520)</visible>
				</control>
				<control type="button" id="5520"> 
					<description>Path game desc</description>
					<posx>240</posx>
					<posy>90</posy>
					<width>410</width>
					<height>30</height>
					<visible>true</visible>
					<font>font13</font>
					<colordiffuse>DDFFFFFF</colordiffuse>
					<texturefocus>rcb-MenuItemFO.png</texturefocus>
					<texturenofocus>rcb-MenuItemNF.png</texturenofocus>
					<label>$INFO[ListItem.Label]</label>
					<textcolor>88FFFFFF</textcolor>
					<focusedcolor>white</focusedcolor>
					<disabledcolor>80FFFFFF</disabledcolor>
					<align>right</align>
					<aligny>center</aligny>
					<textoffsetx></textoffsetx>
					<textoffsety></textoffsety>
					<pulseonselect></pulseonselect>
					<onup>5550</onup>
					<ondown>5530</ondown>
					<onleft>7000</onleft>
					<onright>6000</onright>
				</control>
								
				<!-- Game desc file mask -->
				<control type="image">
					<posx>0</posx>
					<posy>120</posy>
					<width>270</width>
					<height>30</height>
					<texture>rcb-MenuItemFO.png</texture>
					<visible>Control.HasFocus(5530)</visible>
				</control>				
				<control type="label">
					<posx>7</posx>
					<posy>120</posy>
					<width>260</width>
					<height>30</height>
					<font>font13</font>
					<textcolor>white</textcolor>
					<align>left</align>
					<aligny>center</aligny>
					<label>$ADDON[script.games.rom.collection.browser 53004]</label>
					<visible>Control.HasFocus(5530)</visible>
					<animation reversible="false" effect="fade" end="50" time="0" condition="!Skin.HasSetting(rcb_editScraper_descFilePerGame)">Conditional</animation>
				</control>
				<control type="label">
					<posx>7</posx>
					<posy>120</posy>
					<width>260</width>
					<height>30</height>
					<font>font13</font>
					<textcolor>88FFFFFF</textcolor>
					<align>left</align>
					<aligny>center</aligny>
					<label>$ADDON[script.games.rom.collection.browser 53004]</label>
					<visible>!Control.HasFocus(5530)</visible>
					<animation reversible="false" effect="fade" end="50" time="0" condition="!Skin.HasSetting(rcb_editScraper_descFilePerGame)">Conditional</animation>-->
				</control>
				<control type="button" id="5530">
					<description>Game desc file mask</description>
					<posx>240</posx>
					<posy>120</posy>
					<width>410</width>
					<height>30</height>
					<visible>true</visible>
					<font>font13</font>
					<colordiffuse>DDFFFFFF</colordiffuse>
					<texturefocus>rcb-MenuItemFO.png</texturefocus>
					<texturenofocus>rcb-MenuItemNF.png</texturenofocus>
					<label>$INFO[ListItem.Label]</label>
					<textcolor>88FFFFFF</textcolor>
					<focusedcolor>white</focusedcolor>
					<disabledcolor>80FFFFFF</disabledcolor>
					<align>right</align>
					<aligny>center</aligny>
					<textoffsetx></textoffsetx>
					<textoffsety></textoffsety>
					<pulseonselect></pulseonselect>
					<onup>5520</onup>
					<ondown>5540</ondown>
					<onleft>7000</onleft>
					<onright>6000</onright>
					<enable>Skin.HasSetting(rcb_editScraper_descFilePerGame)</enable>
					<animation reversible="false" effect="fade" end="50" time="0" condition="!Skin.HasSetting(rcb_editScraper_descFilePerGame)">Conditional</animation>
				</control>
				
				<!-- Parse instruction -->
				<control type="image">
					<posx>0</posx>
					<posy>150</posy>
					<width>270</width>
					<height>30</height>
					<texture>rcb-MenuItemFO.png</texture>
					<visible>Control.HasFocus(5540)</visible>
				</control>				
				<control type="label">
					<posx>7</posx>
					<posy>150</posy>
					<width>200</width>
					<height>30</height>
					<font>font13</font>
					<textcolor>white</textcolor>
					<align>left</align>
					<aligny>center</aligny>
					<label>$ADDON[script.games.rom.collection.browser 53005]</label>
					<visible>Control.HasFocus(5540)</visible>
				</control>
				<control type="label">
					<posx>7</posx>
					<posy>150</posy>
					<width>200</width>
					<height>30</height>
					<font>font13</font>
					<textcolor>88FFFFFF</textcolor>
					<align>left</align>
					<aligny>center</aligny>
					<label>$ADDON[script.games.rom.collection.browser 53005]</label>
					<visible>!Control.HasFocus(5540)</visible>
				</control>
				<control type="button" id="5540"> 
					<description>Parse instruction</description>
					<posx>240</posx>
					<posy>150</posy>
					<width>410</width>
					<height>30</height>
					<visible>true</visible>
					<font>font13</font>
					<colordiffuse>DDFFFFFF</colordiffuse>
					<texturefocus>rcb-MenuItemFO.png</texturefocus>
					<texturenofocus>rcb-MenuItemNF.png</texturenofocus>
					<label>$INFO[ListItem.Label]</label>
					<textcolor>88FFFFFF</textcolor>
					<focusedcolor>white</focusedcolor>
					<disabledcolor>80FFFFFF</disabledcolor>
					<align>right</align>
					<aligny>center</aligny>
					<textoffsetx></textoffsetx>
					<textoffsety></textoffsety>
					<pulseonselect></pulseonselect>
					<onup>5530</onup>
					<ondown>5560</ondown>
					<onleft>7000</onleft>
					<onright>6000</onright>
				</control>
				<!-- Search by crc -->
				<control type="radiobutton" id="5560">
					<posx>0</posx>
					<posy>180</posy>
					<width>660</width>
					<height>30</height>
					<font>font13</font>
					<label>$ADDON[script.games.rom.collection.browser 53006]</label>
					<textcolor>88FFFFFF</textcolor>
					<focusedcolor>white</focusedcolor>
					<texturefocus>rcb-MenuItemFO.png</texturefocus>
					<texturenofocus>rcb-MenuItemNF.png</texturenofocus>
					<onleft>7000</onleft>
					<onright>6000</onright>
					<onup>5540</onup>
					<ondown>5580</ondown>
				</control>
				<!-- Use foldername as crc -->
				<control type="radiobutton" id="5580">
					<posx>0</posx>
					<posy>210</posy>
					<width>660</width>
					<height>30</height>
					<font>font13</font>
					<label>$ADDON[script.games.rom.collection.browser 53007]</label>
					<textcolor>88FFFFFF</textcolor>
					<focusedcolor>white</focusedcolor>
					<texturefocus>rcb-MenuItemFO.png</texturefocus>
					<texturenofocus>rcb-MenuItemNF.png</texturenofocus>
					<onleft>7000</onleft>
					<onright>6000</onright>
					<onup>5560</onup>
					<ondown>5590</ondown>
				</control>
				<!-- Use filename as crc -->
				<control type="radiobutton" id="5590">
					<posx>0</posx>
					<posy>240</posy>
					<width>660</width>
					<height>30</height>
					<font>font13</font>
					<label>$ADDON[script.games.rom.collection.browser 53008]</label>
					<textcolor>88FFFFFF</textcolor>
					<focusedcolor>white</focusedcolor>
					<texturefocus>rcb-MenuItemFO.png</texturefocus>
					<texturenofocus>rcb-MenuItemNF.png</texturenofocus>
					<onleft>7000</onleft>
					<onright>6000</onright>
					<onup>5580</onup>
					<ondown>5610</ondown>
				</control>
				<!-- Remoce scraper -->
				<control type="button" id="5610"> 
					<description>Remove scraper</description>
					<posx>10</posx>
					<posy>270</posy>
					<width>630</width>
					<height>30</height>
					<visible>true</visible>
					<font>font13</font>
					<colordiffuse>DDFFFFFF</colordiffuse>
					<texturefocus>rcb-MenuItemFO.png</texturefocus>
					<texturenofocus>rcb-MenuItemNF.png</texturenofocus>
					<label>$ADDON[script.games.rom.collection.browser 53009]</label>
					<textcolor>88FFFFFF</textcolor>
					<focusedcolor>white</focusedcolor>
					<disabledcolor>80FFFFFF</disabledcolor>
					<align>left</align>
					<aligny>center</aligny>
					<textoffsetx></textoffsetx>
					<textoffsety></textoffsety>
					<pulseonselect></pulseonselect>
					<onup>5590</onup>
					<ondown>5620</ondown>
					<onleft>7000</onleft>
					<onright>6000</onright>
				</control>
				<!-- Add scraper -->
				<control type="button" id="5620"> 
					<description>Add scraper</description>
					<posx>10</posx>
					<posy>300</posy>
					<width>630</width>
					<height>30</height>
					<visible>true</visible>
					<font>font13</font>
					<colordiffuse>DDFFFFFF</colordiffuse>
					<texturefocus>rcb-MenuItemFO.png</texturefocus>
					<texturenofocus>rcb-MenuItemNF.png</texturenofocus>
					<label>$ADDON[script.games.rom.collection.browser 53010]</label>
					<textcolor>88FFFFFF</textcolor>
					<focusedcolor>white</focusedcolor>
					<disabledcolor>80FFFFFF</disabledcolor>
					<align>left</align>
					<aligny>center</aligny>
					<textoffsetx></textoffsetx>
					<textoffsety></textoffsety>
					<pulseonselect></pulseonselect>
					<onup>5610</onup>
					<ondown>6000</ondown>
					<onleft>7000</onleft>
					<onright>6000</onright>
				</control>
			</control>
		</control>
			
		<!-- Buttons -->
		<control type="button" id="6000"> 
			<description>Save</description>
			<posx>260</posx>
			<posy>520</posy>
			<width>200</width>
			<height>25</height>
			<visible>true</visible>
			<font>font13</font>
			<colordiffuse>DDFFFFFF</colordiffuse>
			<texturefocus>rcb-button-focus.png</texturefocus>
			<texturenofocus>rcb-button-nofocus.png</texturenofocus>
			<label>$ADDON[script.games.rom.collection.browser 52034]</label>
			<textcolor>88FFFFFF</textcolor>
			<disabledcolor>80FFFFFF</disabledcolor>
			<align>center</align>
			<aligny>center</aligny>
			<textoffsetx></textoffsetx>
			<textoffsety></textoffsety>
			<pulseonselect></pulseonselect>
			<onup>7010</onup>
			<ondown>5101</ondown>
			<onleft>7000</onleft>
			<onright>6010</onright>
		</control>
		<control type="button" id="6010"> 
			<description>Cancel</description>
			<posx>480</posx>
			<posy>520</posy>
			<width>200</width>
			<height>25</height>
			<visible>true</visible>
			<font>font13</font>
			<colordiffuse>DDFFFFFF</colordiffuse>
			<texturefocus>rcb-button-focus.png</texturefocus>
			<texturenofocus>rcb-button-nofocus.png</texturenofocus>
			<label>$ADDON[script.games.rom.collection.browser 52035]</label>
			<textcolor>88FFFFFF</textcolor>
			<disabledcolor>80FFFFFF</disabledcolor>
			<align>center</align>
			<aligny>center</aligny>
			<textoffsetx></textoffsetx>
			<textoffsety></textoffsety>
			<pulseonselect></pulseonselect>
			<onup>7010</onup>
			<ondown>5101</ondown>
			<onleft>6000</onleft>
			<onright>7000</onright>
		</control>		
	</controls>
</window>