<parserConfig>	<GameGrammar type="multiline">			<SkippableContent closeStmnt="true" skipTo="&lt;div class=&quot;sideBarTitle&quot;&gt;&lt;h2&gt;Selected Shots&lt;/h2&gt;&lt;/div&gt;"></SkippableContent>		<SkippableContent closeStmnt="true">&lt;div class=&quot;sideBarTitle&quot;&gt;&lt;h2&gt;Selected Shots&lt;/h2&gt;&lt;/div&gt;</SkippableContent>		<SkippableContent closeStmnt="true" skipTo="&lt;br&gt;&lt;br&gt;&lt;center&gt;&lt;a href=&quot;"></SkippableContent>		<SkippableContent closeStmnt="true">&lt;br&gt;&lt;br&gt;&lt;center&gt;&lt;a href=&quot;</SkippableContent>		<url closeStmnt="true" skipTo="&quot;&gt;" appendResultTo="http://www.mobygames.com"></url>						</GameGrammar></parserConfig>