<parserConfig>	<GameGrammar type="multiline">			<SkippableContent skipTo="&lt;div class=&quot;thumbnailContainer&quot;&gt;" closeStmnt="true"></SkippableContent>		<SkippableContent closeStmnt="true">&lt;div class=&quot;thumbnailContainer&quot;&gt;</SkippableContent>				<SkippableContent skipTo="&quot;&gt;&lt;a href=&quot;" closeStmnt="true" optional="true"></SkippableContent>		<SkippableContent closeStmnt="true" optional="true">&quot;&gt;&lt;a href=&quot;</SkippableContent>		<url closeStmnt="true" skipTo="&quot;" appendResultTo="http://www.mobygames.com"></url>			</GameGrammar></parserConfig>