<parserConfig>
	<GameGrammar type="xml" root="GameData">
		<crc>GoodName</crc>
		<Game>Name</Game>
		<Platform></Platform>
		<Region></Region>
		<Media></Media>
		<Controller></Controller>
		<Genre>Category</Genre>
		<ReleaseYear>Date</ReleaseYear>
		<Developer>Developer</Developer>
		<Publisher>Publisher</Publisher>
		<Players>NumPlayers</Players>
		<OriginalTitle></OriginalTitle>
		<AlternateTitle></AlternateTitle>
		<TranslatedBy></TranslatedBy>
		<HackedBy></HackedBy>
		<Version></Version>
		<Description>Description</Description>
	</GameGrammar>
</parserConfig>