<?xml version="1.0" encoding="UTF-8"?>
<addon
  id="script.games.rom.collection.browser"
  version="2.0.4"
  name="Rom Collection Browser"
  provider-name="carabalb, jimyx17, malte, redkiller">
  <requires>
    <import addon="xbmc.python" version="2.1.0"/>
    <import addon="script.module.elementtree" version="1.2.7"/>
    <import addon="service.rom.collection.browser" version="1.0.0"/>
  </requires>
  <extension point="xbmc.python.script" library="default.py"/>
  <extension point="xbmc.python.script" library="default.py">
    <provides>game</provides>
  </extension>
  <extension point="xbmc.addon.repository" name="Rom Collection Browser Updates">
    <info compressed="false">https://romcollectionbrowser.googlecode.com/svn/release/addons.xml</info>
    <checksum>https://romcollectionbrowser.googlecode.com/svn/release/addons.xml.md5</checksum>
    <datadir zip="true">https://romcollectionbrowser.googlecode.com/svn/release/</datadir>
  </extension>
  <extension point="xbmc.addon.metadata">
    <language></language>
    <summary lang="en">Import, browse and launch games in XBMC</summary>
    <summary lang="de">Importiert, verwaltet und startet Spiele in XBMC</summary>
    <summary  lang="hu">Konzol játék ROM-ok böngészése</summary>
    <description lang="en">With this Addon you can browse and launch emulator roms and standalone games in XBMC. See the wiki page for more information: http://code.google.com/p/romcollectionbrowser/wiki/Welcome.

First Use:
  * On first launch RCB will start a simple configuration wizard
  * After the wizard is completed RCB will ask you to import your games
  * If needed you can launch the wizard anytime via context menu
  * Just press "C" on your keyboard or "Menu" on your remote

Features:
  * scan your rom folders and import games to local database
  * scrape artwork and meta data from various online sources
  * import local available descriptions, artwork and videos
  * filter games by console, genre, year and publisher
  * favorites function
  * automatic video playback in video window
  * fullscreen video browser
  * game details page
  * dedicated MAME views to display cabinets and marquees
  * launch roms and standalone games in solo or non-solo mode
  * detect games in zip and 7z archives and ask user which game to load
  * direct launching of savestate files
  * ...
</description>
<description lang="de">Mit diesem Addon können Roms und PC-Spiele verwaltet und gestartet werden. Mehr Informationen im RCB wiki: http://code.google.com/p/romcollectionbrowser/wiki/Welcome.

Erste Schritte:
  * Beim ersten Aufruf startet RCB einen Konfigurations-Assistenten
  * Nach der Konfiguration importiert RCB die Spiele in seine Datenbank
  * Der Assistent kann auch jederzeit aus RCB heraus gestartet werden
  * Drücke dazu "C" auf der Tastatur oder "Menu" auf der Fernbedienung

Features:
  * Scannt Verzeichnisse rekursiv und importiert Spiele in die Datenbank
  * Liest Artwork und Metadaten aus verschiedenen Online-Quellen
  * Importiert lokal verfügbare Infos, Artwork und Videos
  * Filtert Spiele nach Konsole, Genre, Jahr und Herausgeber
  * Favoriten-Funktion
  * Automatisches Abspielen von Videos
  * Fullscreen Video Browser
  * Detailseite mit weiteren Spiele-Infos
  * spezielle MAME Sichten für Cabinets und Banner
  * Startet Spiele im Solo-Modus (beendet XBMC vor dem Start des Spiels)
  * Erkennt Spiele in zip und 7z Archiven
  * Savestates können direkt gestartet werden (Emulator-abhängig)
  * ...
</description>

    <description lang="hu">Jelenlegi funkciók:
  * játékok szűrése konzoltípus, műfaj, év és kiadó alapján
  * rom-ok indítása külső emulátorral
  * a program beállítása egy xml fájl segítségével
  * egyszerű de testreszabható leírófájl-feldolgozó
  * játékonként különböző képek és videók megjelenítése
  * játéktartalom és kiegészítő információk megjelenítése
</description>
        <license>GPL 2.0</license>
        <platform>all</platform>        
  </extension>
</addon>
