<parserConfig>	<GameGrammar type="multiline">					<SkippableContent skipTo="&lt;div id=&quot;gameTitle&quot;&gt;&lt;a href=&quot;" closeStmnt="true"></SkippableContent>		<SkippableContent closeStmnt="true">&lt;div id=&quot;gameTitle&quot;&gt;&lt;a href=&quot;</SkippableContent>		<SkippableContent closeStmnt="true" skipTo="&quot;&gt;"></SkippableContent>		<SkippableContent closeStmnt="true">&quot;&gt;</SkippableContent>				<Game closeStmnt="true" skipTo="&lt;/a&gt;"></Game>				<SkippableContent skipTo="Published by&lt;/div&gt;&lt;div style=&quot;font-size: 90%; padding-left: 1em; padding-bottom: 0.25em;&quot;&gt;&lt;a href=&quot;" closeStmnt="true"></SkippableContent>		<SkippableContent closeStmnt="true">Published by&lt;/div&gt;&lt;div style=&quot;font-size: 90%; padding-left: 1em; padding-bottom: 0.25em;&quot;&gt;&lt;a href=&quot;</SkippableContent>		<SkippableContent closeStmnt="true" skipTo="&quot;&gt;"></SkippableContent>		<SkippableContent closeStmnt="true">&quot;&gt;</SkippableContent>				<Publisher closeStmnt="true" skipTo="&lt;/a&gt;"></Publisher>				<SkippableContent skipTo="Developed by&lt;/div&gt;&lt;div style=&quot;font-size: 90%; padding-left: 1em; padding-bottom: 0.25em;&quot;&gt;&lt;a href=&quot;" closeStmnt="true"></SkippableContent>		<SkippableContent closeStmnt="true">Developed by&lt;/div&gt;&lt;div style=&quot;font-size: 90%; padding-left: 1em; padding-bottom: 0.25em;&quot;&gt;&lt;a href=&quot;</SkippableContent>		<SkippableContent closeStmnt="true" skipTo="&quot;&gt;"></SkippableContent>		<SkippableContent closeStmnt="true">&quot;&gt;</SkippableContent>				<Developer closeStmnt="true" skipTo="&lt;/a&gt;"></Developer>				<SkippableContent skipTo="Released&lt;/div&gt;&lt;div style=&quot;font-size: 90%; padding-left: 1em; padding-bottom: 0.25em;&quot;&gt;&lt;a href=&quot;" closeStmnt="true"></SkippableContent>		<SkippableContent closeStmnt="true">Released&lt;/div&gt;&lt;div style=&quot;font-size: 90%; padding-left: 1em; padding-bottom: 0.25em;&quot;&gt;&lt;a href=&quot;</SkippableContent>		<SkippableContent closeStmnt="true" skipTo="&quot;&gt;"></SkippableContent>		<SkippableContent closeStmnt="true">&quot;&gt;</SkippableContent>				<ReleaseYear closeStmnt="true" skipTo="&lt;/a&gt;"></ReleaseYear>				<SkippableContent skipTo="Genre&lt;/div&gt;&lt;div style=&quot;font-size: 90%; padding-left: 1em; padding-bottom: 0.25em;&quot;&gt;&lt;a href=&quot;" closeStmnt="true"></SkippableContent>		<SkippableContent closeStmnt="true">Genre&lt;/div&gt;&lt;div style=&quot;font-size: 90%; padding-left: 1em; padding-bottom: 0.25em;&quot;&gt;&lt;a href=&quot;</SkippableContent>		<SkippableContent closeStmnt="true" skipTo="&quot;&gt;"></SkippableContent>		<SkippableContent closeStmnt="true">&quot;&gt;</SkippableContent>				<Genre closeStmnt="true" skipTo="&lt;/a&gt;" optional="true"></Genre>							<SkippableContent closeStmnt="true" skipTo="&lt;h2 class=&quot;m5&quot;&gt;Description&lt;/h2&gt;"></SkippableContent>		<SkippableContent closeStmnt="true">&lt;h2 class=&quot;m5&quot;&gt;Description&lt;/h2&gt;</SkippableContent>				<Description closeStmnt="true" skipTo="&lt;div class=&quot;sideBarLinks&quot;&gt;" optional="true"></Description>			</GameGrammar></parserConfig>