<?xml version="1.0" encoding="UTF-8"?>
<addon
  id="script.games.rom.collection.browser"
  version="2.0.15"
  name="Rom Collection Browser"
  provider-name="carabalb, jimyx17, malte, redkiller">
  <requires>
    <import addon="xbmc.python" version="2.1.0"/>
    <import addon="service.rom.collection.browser" version="1.0.0"/>
  </requires>
  <extension point="xbmc.python.script" library="default.py">
    <provides>game</provides>
  </extension>
  <extension point="xbmc.addon.metadata">
    <summary lang="be">Import, browse and launch games in XBMC</summary>
    <summary lang="ca">Importa, cerca i arranca jocs en l'XBMC</summary>
    <summary lang="da">Importere, gennemse og starte spil i XBMC</summary>
    <summary lang="de">Importiert, verwaltet und startet Spiele in XBMC</summary>
    <summary lang="el">Εισαγάγετε, αναζητήστε και εκτελέστε παιχνίδια στο XBMC.</summary>
    <summary lang="en">Import, browse and launch games in XBMC</summary>
    <summary lang="en_NZ">Import, browse and launch games in XBMC</summary>
    <summary lang="es">Importa, explora y ejecuta juegos en XBMC</summary>
    <summary lang="fr">Importez, parcourez et lancez vos jeux depuis XBMC</summary>
    <summary lang="fr_CA">Importer, parcourir et lancer des jeux dans XBMC</summary>
    <summary lang="gl">Importar, buscar e executar xogos no XBMC</summary>
    <summary lang="hu">Konzol játék ROM-ok böngészése</summary>
    <summary lang="id">Impor, telusuri dan mainkan permainan di XMBC</summary>
    <summary lang="it">Importa, sfoglia e lancia i giochi da XBMC</summary>
    <summary lang="nl">Importeer, doorzoek en start spellen in XBMC</summary>
    <summary lang="pl">Importowanie, przeglądanie i uruchamianie gier w XBMC</summary>
    <summary lang="pt">Importe, navegue e execute jogos no XBMC</summary>
    <summary lang="pt_BR">Importe, navegue e execute jogos no XBMC</summary>
    <summary lang="ru">Импорт, обзор и запуск игр в XBMC</summary>
    <summary lang="sv">Importera, bläddra och starta spel i XBMC</summary>
    <summary lang="zh">在 XBMC 中导入、浏览和运行游戏</summary>
    <description lang="be">With this Addon you can browse and launch emulator roms and standalone games in XBMC. See the wiki page for more information: http://code.google.com/p/romcollectionbrowser/wiki/Welcome.&#10;&#10;First Use:&#10;  * On first launch RCB will start a simple configuration wizard&#10;  * After the wizard is completed RCB will ask you to import your games&#10;  * If needed you can launch the wizard anytime via context menu&#10;  * Just press "C" on your keyboard or "Menu" on your remote&#10;&#10;Features:&#10;  * scan your rom folders and import games to local database&#10;  * scrape artwork and meta data from various online sources&#10;  * import local available descriptions, artwork and videos&#10;  * filter games by console, genre, year and publisher&#10;  * favorites function&#10;  * automatic video playback in video window&#10;  * fullscreen video browser&#10;  * game details page&#10;  * dedicated MAME views to display cabinets and marquees&#10;  * launch roms and standalone games in solo or non-solo mode&#10;  * detect games in zip and 7z archives and ask user which game to load&#10;  * direct launching of savestate files&#10;  * ...&#10;</description>
    <description lang="de">Mit diesem Addon können Roms und PC-Spiele verwaltet und gestartet werden. Mehr Informationen im RCB wiki: http://code.google.com/p/romcollectionbrowser/wiki/Welcome.&#10;&#10;Erste Schritte:&#10;  * Beim ersten Aufruf startet RCB einen Konfigurations-Assistenten&#10;  * Nach der Konfiguration importiert RCB die Spiele in seine Datenbank&#10;  * Der Assistent kann auch jederzeit aus RCB heraus gestartet werden&#10;  * Drücke dazu "C" auf der Tastatur oder "Menu" auf der Fernbedienung&#10;&#10;Features:&#10;  * Scannt Verzeichnisse rekursiv und importiert Spiele in die Datenbank&#10;  * Liest Artwork und Metadaten aus verschiedenen Online-Quellen&#10;  * Importiert lokal verfügbare Infos, Artwork und Videos&#10;  * Filtert Spiele nach Konsole, Genre, Jahr und Herausgeber&#10;  * Favoriten-Funktion&#10;  * Automatisches Abspielen von Videos&#10;  * Fullscreen Video Browser&#10;  * Detailseite mit weiteren Spiele-Infos&#10;  * spezielle MAME Sichten für Cabinets und Banner&#10;  * Startet Spiele im Solo-Modus (beendet XBMC vor dem Start des Spiels)&#10;  * Erkennt Spiele in zip und 7z Archiven&#10;  * Savestates können direkt gestartet werden (Emulator-abhängig)&#10;  * ...&#10;</description>
    <description lang="el">Με αυτό το Πρόσθετο μπορείτε να βρείτε και να παίξετε παιχνίδια εξομοιωτών (Rom) καθώς και αυτόνομα παιχνίδια στο XBMC. Δείτε τη σελίδα του wiki για περισσότερες πληροφορίες: http://code.google.com/p/romcollectionbrowser/wiki/Welcome&#10;&#10;Πρώτη Χρήση:&#10;  * Κατά την πρώτη εκτέλεση του RCB θα ξεκινήσει ένας οδηγός εγκατάστασης&#10;  * Μετά την ολοκλήρωση του οδηγού το RCB θα σας ζητήσει να εισάγετε τα παιχνίδια σας&#10;  * Αν χρειαστεί, μπορείτε να εκτελέσετε τον οδηγό ανά πάσα στιγμή από το μενού επιλογών&#10;  * Απλά πιέστε το "C" στο πληκτρολόγιό σας ή το "Μενού" στο τηλεχειριστήριό σας&#10;&#10;Χαρακτηριστικά:&#10;  * σαρώστε τους φακέλους των rom σας και εισάγετε παιχνίδια στην τοπική βάση δεδομένων&#10;  * λήψη εικόνων και μετα-δεδομένων μέσω της διαδικασίας του scrape από διάφορες διαδικτυακές πηγές&#10;  * εισαγωγή διαθέσιμων τοπικών περιγραφών, εικόνων και βίντεο&#10;  * φιλτράρισμα παιχνιδιών ανά παιχνιδομηχανή, είδος, έτος και εταιρεία&#10;  * λειτουργία αγαπημένων&#10;  * αυτόματη αναπαραγωγή βίντεο σε παράθυρο&#10;  * προβολή βίντεο πλήρους οθόνης&#10;  * σελίδα πληροφοριών παιχνιδιών&#10;  * εξειδικευμένες προβολές MAME για εμφάνιση cabinet και marquee&#10;  * έναρξη rom και παιχνιδιών σε λειτουργία solo και μη&#10;  * εντοπισμός παιχνιδιών σε αρχεία zip και 7z και ερώτηση χρήστη σχετικά με το ποιο παιχνίδι να φορτωθεί&#10;  * άμεση έναρξη των αποθηκευμένων αρχείων&#10;  * ...&#10;</description>
    <description lang="en">With this Addon you can browse and launch emulator roms and standalone games in XBMC. See the wiki page for more information: http://code.google.com/p/romcollectionbrowser/wiki/Welcome.&#10;&#10;First Use:&#10;  * On first launch RCB will start a simple configuration wizard&#10;  * After the wizard is completed RCB will ask you to import your games&#10;  * If needed you can launch the wizard anytime via context menu&#10;  * Just press "C" on your keyboard or "Menu" on your remote&#10;&#10;Features:&#10;  * scan your rom folders and import games to local database&#10;  * scrape artwork and meta data from various online sources&#10;  * import local available descriptions, artwork and videos&#10;  * filter games by console, genre, year and publisher&#10;  * favorites function&#10;  * automatic video playback in video window&#10;  * fullscreen video browser&#10;  * game details page&#10;  * dedicated MAME views to display cabinets and marquees&#10;  * launch roms and standalone games in solo or non-solo mode&#10;  * detect games in zip and 7z archives and ask user which game to load&#10;  * direct launching of savestate files&#10;  * ...&#10;</description>
    <description lang="en_NZ">With this Addon you can browse and launch emulator roms and standalone games in XBMC. See the wiki page for more information: http://code.google.com/p/romcollectionbrowser/wiki/Welcome.&#10;&#10;First Use:&#10;  * On first launch RCB will start a simple configuration wizard&#10;  * After the wizard is completed RCB will ask you to import your games&#10;  * If needed you can launch the wizard anytime via context menu&#10;  * Just press "C" on your keyboard or "Menu" on your remote&#10;&#10;Features:&#10;  * scan your rom folders and import games to local database&#10;  * scrape artwork and meta data from various online sources&#10;  * import local available descriptions, artwork and videos&#10;  * filter games by console, genre, year and publisher&#10;  * favourites function&#10;  * automatic video playback in video window&#10;  * fullscreen video browser&#10;  * game details page&#10;  * dedicated MAME views to display cabinets and marquees&#10;  * launch roms and standalone games in solo or non-solo mode&#10;  * detect games in zip and 7z archives and ask user which game to load&#10;  * direct launching of savestate files&#10;  * ...&#10;</description>
    <description lang="es">Con este complemento puedes explorar y ejecutar ROMs de emulador y juegos independientes en XBMC. Visita la página wiki para más información: http://code.google.com/p/romcollectionbrowser/wiki/Welcome.&#10;&#10;Primer Uso:&#10;  * Al ejecutarse por primera vez, RCB mostrará un sencillo asistente de configuración&#10;  * Una vez completado el asistente, RCB te solicitará importar tus juegos&#10;  * Si lo necesitas, puedes ejecutar el asistente en cualquier momento a través del menú contextual&#10;  * Tan solo tienes que pulsar "C" en el teclado o "Menú" en el mando a distancia&#10;&#10;Características:&#10;  * escanea tus carpetas con ROMs e importa los juegos a una base de datos local&#10;  * descarga imágenes y metadatos desde varias fuentes online&#10;  * importa descripciones, imágenes y videos disponibles localmente&#10;  * filtra los juegos por consola, género, año y editor&#10;  * función de favoritos&#10;  * reproducción automática de videos en ventana de video&#10;  * navegador de videos a pantalla completa&#10;  * página de detalles del juego&#10;  * vistas de MAME dedicadas, mostrando máquinas y marcos&#10;  * ejecuta ROMs y juegos independiente en modo solo o no-solo&#10;  * detecta juegos en archivos zip y 7z y pregunta al usuario qué juego desea cargar&#10;  * ejecución directa de archivos de partidas guardadas&#10;  * ...&#10;</description>
    <description lang="fr">Avec cette extension, vous pouvez parcourir et lancer des roms d'émulateur ainsi que des jeux autonomes. Visitez le wiki pour plus d'informations : http://code.google.com/p/romcollectionbrowser/wiki/Welcome.&#10;Première utilisation :&#10;* Au premier démarrage RCB lancera un assistant de configuration simplifié.&#10;* Une fois cette configuration terminée RCB vous proposera d'importer vos jeux.&#10;* Au besoin, vous pouvez relancer l'assistant de configuration à tout moment depuis le menu contextuel.&#10;* Appuyez sur la touche "C" de votre clavier ou sur "Menu" de votre télécommande.&#10;&#10;Caractéristiques :&#10;* Analyse votre dossier de roms et importe les jeux dans une base de données locale&#10;* Récupère les illustrations et métadonnées depuis différentes sources en ligne&#10;* Importe vos descriptifs, illustrations et vidéos stockés localement&#10;* Filtre vos jeux par console, genre, année et éditeur&#10;* Gestion des favoris&#10;* lecture automatique des vidéos dans une fenêtre&#10;* Navigation parmi les vidéos en plein écran&#10;* Fiche de jeux détaillée&#10;* Vues dédiées pour MAME affichant cabinets et marquees&#10;* Lancement des roms et jeux en mode solo ou non&#10;* Détecte les jeux dans les fichiers zip et 7z et demande à l'utilisateur quel jeux lancer&#10;* lance directement une sauvegarde&#10;&#10;</description>
    <description lang="fr_CA">Avec cet addiciel vous pouvez parcourir et lancer des roms d'émulateurs et des jeux autonomes dans XBMC. Consulter le wiki pour plus d'informations : http://code.google.com/p/romcollectionbrowser/wiki/Welcome.&#10;&#10;Première utilisation :&#10;* au premier lancement RCB lancera un assistant simple de configuration&#10;* un fois l'assistant terminé RCB vous demandera d'importer vos jeux&#10;* au besoin vous pouvez lancer l'assistant à tout moment avec le menu contextuel&#10;* pesez juste sur « C » sur votre clavier, ou « Menu » sur votre télécommande&#10;&#10;Caractéristiques :&#10;* balayer votre dossier de ROM et importer les jeux dans la base de données locale&#10;* extraire les illustrations et les métadonnées de diverses sources en ligne&#10;* importer les descriptions, les illustrations et les vidéos locales disponibles&#10;* filtrer les jeux par console, genre, année et éditeur&#10;* fonction favoris&#10;* lecture vidéo automatique dans la fenêtre vidéo&#10;* navigateur vidéo en plein écran&#10;* page de détails des jeux&#10;* vues MAME dédiées pour afficher les cabinets et les marquises&#10;* lancer les ROM et les jeux autonomes en mode solo ou non&#10;* détecter les jeux dans les archives zip et 7z et demander à l'utilisateur quel jeu charger&#10;* lancement direct des fichiers de sauvegarde d'état&#10;* ... &#10;</description>
    <description lang="hu">Jelenlegi funkciók:&#10;  * játékok szűrése konzoltípus, műfaj, év és kiadó alapján&#10;  * rom-ok indítása külső emulátorral&#10;  * a program beállítása egy xml fájl segítségével&#10;  * egyszerű de testreszabható leírófájl-feldolgozó&#10;  * játékonként különböző képek és videók megjelenítése&#10;  * játéktartalom és kiegészítő információk megjelenítése&#10;</description>
    <description lang="id">Dengan Addon ini Anda dapat menelusuri dan menjalankan rom emulator dan program permainan di XBMC. Lihat halaman wiki untuk informasi lebih lanjut: http://code.google.com/p/romcollectionbrowser/wiki/Welcome.&#10;&#10;Pemakaian Pertama:&#10;* Saat pertama kali menjalankan RCB akan memulai penuntun konfigurasi sederhana&#10;* Setelah tuntunan selesai RCB akan menanyakan Anda untuk mengimpor permainan&#10;* Jika diperlukan Anda dapat menjalankan tuntunan kapan saja melalui menu konteks&#10;* Tekan "C" pada papan ketik atau "Menu" pada remote Anda&#10;&#10;Fitur:&#10;* pindai folder rom Anda dan impor permainan ke basis data lokal&#10;* salin karya seni dan meta data dari berbagai sumber daring&#10;* impor deskripsi, karya seni dan video yang tersedia lokal&#10;* filter permainan berdasarkan konsol, tema, tahun dan penerbit&#10;* fungsi favorit&#10;* pemaran video otomatis di jendela video&#10;* Penelusuran video layar penuh&#10;* halaman rincian permainan&#10;* tampilan MAME dedikasi untuk menampilkan kabinet dan marquee&#10;* deteksi permainan dalam arsip zip dan 7z serta menanyakan pengguna permainan mana yang akan dimuat&#10;* menjalankan langsung dari berkas savestate&#10;* ...&#10;</description>
    <description lang="it">Con questo addon puoi sfogliare e lanciare le rom degli emulatori o giochi standalone in XBMC. Consulta la pagina wiki per maggiori informazioni : http://code.google.com/p/romcollectionbrowser/wiki/Welcome.&#10;&#10;Prima uso:&#10;  * Al primo avvio, RCB avvia una semplice procedura di configurazione&#10;  * Al termine, RCB ti chiederà di importare i tuoi giochi&#10;  * Se necessario, puoi avviare la procedura di configurazione in qualsiasi momento tramite il menu contestuale&#10;  * Premi semplicemente "C" sulla tua tastiera o il tasto "Menu" del tuo telecomando&#10;&#10;Caratteristiche:&#10;  * Scansiona le tue cartelle contenenti rom e importa i giochi in un database locale&#10;  * Esegui lo scraping degli artwork e dei metadati da varie sorgenti online&#10;  * Importa descrizioni, artwork e video già disponibili in locale&#10;  * Filtra i giochi per console, genere, anno e editore&#10;  * Funzione preferiti &#10;  * Esecuzione automatica dei video nella finestra video&#10;  * Sfoglia video a schermo intero&#10;  * Pagina dettagli del gioco&#10;  * Viste specifiche per MAME per visualizzare i cabinet e i marquee&#10;  * Lancia rom e giochi standalone in modalità "Solo" e "Non solo"&#10;  * Rileva giochi in archivi .zip e .7z, e chiede all'utente quale gioco eseguire&#10;  * Lancio diretto da file di salvataggio del gioco&#10;  * ...&#10;</description>
    <description lang="nl">Met deze Add-on kan je zoeken en starten van emulator roms en alleenstaande Spellen in XBMC. Zie de wikipagina voor meer informatie:&#10;http://code.google.com/p/romcollectionbrowser/wiki/Welcome.&#10;&#10;Bij eerste keer:&#10;* Bij de eerste keer Starten zal RCB een gemakkelijke configuratie wizard starten&#10;* Nadat de wizard gereed is zal RCB jou vragen jouw spellen te importeren&#10;* wanneer nodig kan je de wizard elke keer starten via het context menu&#10;* Druk alleen "C" op je toetsenbord of "menu"op jouw afstandsbediening&#10;&#10;Functies:&#10;* Scan jouw rom folders en importeer spellen naar jou lokale database&#10;* scrape Artwork en Meta data van uit verschillende online bronnen&#10;* importeer lokaal beschikbare omschrijvingen, artwork en video`s&#10;* Filter spellen op Console, genre, jaar en uitgever&#10;* Favorieten functie&#10;* Automatisch film terugspelen optie in videoscherm&#10;* Volledig scherm Video browser&#10;* Spel details pagina&#10;* Toegewijde MAME weergaven om Cabinets en marquees*&#10;* Start Roms en Alleenstaande spellen in Solo of niet-solo modus&#10;* detecteer spellen in zip en 7z archieven en vraag gebruiker welk spel te laden&#10;* direct starten van opgeslagen bestanden&#10;* ...&#10;&#10;</description>
    <description lang="pt">Com este Addon pode navegar e jogar roms de emuladores e jogos individuais no seu XBMC. Veja a página de wiki para mais informação: http://code.google.com/p/romcollectionbrowser/wiki/Welcome.&#10;&#10;Primeiro uso:&#10;  * Na primeira execução, RCB iniciará um assistente de configuração&#10;  * Após a configuraçã estar completa, o RCB irá importar os seus jogos&#10;  * Se precisar, pode iniciar o assistente através do menu de contexto&#10;  * Basta premir "C" no seu teclado ou "Menu" no seu remoto&#10;&#10;Funcionalidades:&#10;  * analisar as suas pastas de roms e importar jogos para a base de dados local&#10;  * obter artwork e metadados de várias fontes online&#10;  * importar descrições, artwork e vídeos disponíveis localmente&#10;  * filtrar jogos por consola, género, ano e editora&#10;  * função de favoritos&#10;  * reprodução de vídeo automática na janela de vídeo&#10;  * navegador de vídeos em ecrã cheio&#10;  * página de detalhes do jogo&#10;  * vistas especiais de MAME para exibir cabinets e marquees&#10;  * iniciar roms e jogos autónomos em modo solo ou não-solo&#10;  * detectar jogos em ficheiros zip e 7z e perguntar ao utilizador qual é o jogo a iniciar&#10;  * iniciar directamente ficheiros de savestate&#10;  * ...&#10;</description>
    <description lang="pt_BR">Com esse addon você pode navegar e lançar roms de emuladores e jogos através do xbmc. Veja a pagina de wiki para mais informações:&#10;http://code.google.com/p/romcollectionbrowser/wiki/Welcome.(\n)(\n)&#10;Primeiro Uso:&#10; No primeiro lançamento o RCB irá iniciar um assistente de configuração simples(&#10;*Depois de concluir o assistente RCB irá pedir para importar seus jogos&#10;*Se necessário, você pode iniciar o assistente a qualquer momento através do menu de contexto&#10;* Basta pressionar "C" no seu teclado ou "Menu" em seu controle remoto&#10;&#10;Características:&#10;* varredura de suas pastas com roms e importação de jogos para um banco de dados local&#10;* procura arte e meta-dados de várias fontes on-line&#10;* importação local para descrições e obras de arte e vídeos se disponíveis&#10;* filtrar jogos por console, gênero, ano e editor&#10;* função favoritos&#10;* reprodução automática de videos na janela do navegador(\n)&#10;*vídeo em tela cheia no navegador&#10;* pagina de detalhes do jogo&#10;* vistas dedicadas a MAME para exibir cabines e letreiros(\n)&#10;* lançamento de roms e jogos independentes no modo sozinho ou não sozinho&#10;* detectar jogos em arquivos ZIP e 7z e perguntar ao usuário qual jogo carregar&#10;* lançamento direto de arquivos de savestate&#10;.&#10;</description>
    <description lang="ru">С помощью этого дополнения можно просматривать и запускать ROM эмуляторы и игры XBMC. Дополнительную информацию можно увидеть на странице Wiki по адресу: http://code.google.com/p/romcollectionbrowser/wiki/Welcome.&#10;&#10;Первый запуск:&#10;  * При первом запуске RCB будет запущен простой мастер конфигураций&#10;  * После завершения мастера RCB спросит Вас, какие игры импортировать&#10;  * Если нужно, вы можете запустить мастер повторно в контекстном меню&#10;  * Нажмите "C" на клавиатуре или "Menu" на пульте управления&#10;&#10;Возможности:&#10;  * Сканирование папок с образами игр и добавление их в вашу базу данных&#10;  * Искать обложки и мета данные  с различных онлайн источников&#10;  * загружать доступные локальные описания, обложки и видео&#10;  * фильтровать игры по типу консоли, жанру, году, издателю&#10;  * избранное&#10;  * автоматическое воспроизведение видео в окне&#10;  * полноэкранный видео браузер&#10;  * страница описаний игр&#10;  * dedicated MAME views to display cabinets and marquees&#10;  * Запускать образы и игры в одно и многопользовательском режимах&#10;  * определять игры в архивах zip и 7z и затем спрашивать пользователя, что загружать&#10;  * Прямой запуск по файлам сохранений&#10;  * ...&#10;</description>
    <description lang="sv">Med detta tillägg kan du bläddra och starta emulatorbaserade ROMS och spel i XBMC.&#10;Se wiki för mer information: http://code.google.com/p/romcollectionbrowser/wiki/Welcome.&#10;&#10;Första start:&#10;  * Vid första start kommer RCB starta en enkel inställningsguide&#10;  * När guiden är klar kommer RCB be dig importera dina spel&#10;  * Om du behöver, kan du starta guiden när som helst via undermenyn&#10;  * Tryck "C" på ditt tangentbord eller "Meny" på din fjärrkontroll&#10;&#10;Egenskaper:&#10;  * sök igenom mappar med roms och importera spel till lokal databas&#10;  * skrapa bilder och metadata från olika onlinekällor&#10;  * importera lokala beskrivningar, bilder och filmer&#10;  * filtrera spel efter konsol, genre, år och utgivare&#10;  * favoriter&#10;  * automatisk filmuppspelning i videofönster&#10;  * fullskärmsbläddrare för film&#10;  * sida med detaljerad spelinformation&#10;  * dedikerade MAME-vyer för att visa spelkabinett&#10;  * starta roms och spel i solo eller non-solo läge&#10;  * hitta spel i zip och 7z arkiv och fråga användaren vilket spel att ladda&#10;  * direktstart av savestate fier&#10;  * ...&#10;</description>
    <language></language>
    <platform>all</platform>
    <license>GNU GENERAL PUBLIC LICENSE. Version 2, June 1991</license>
    <forum>http://forum.xbmc.org/showthread.php?tid=70115</forum>
    <website>https://code.google.com/p/romcollectionbrowser/</website>
    <source>https://romcollectionbrowser.googlecode.com/svn/trunk/</source>
  </extension>
</addon>
