<parserConfig>
	<GameGrammar type="multiline">
		<SkippableContent>Game: </SkippableContent>		
		<Game restOfLine="true"></Game>		
		<SkippableContent>Platform: </SkippableContent>
		<Platform delimiter="," restOfLine="true"></Platform>
		<SkippableContent>Region: </SkippableContent>
		<Region delimiter="," restOfLine="true"></Region>
		<SkippableContent>Media: </SkippableContent>
		<Media delimiter="," restOfLine="true"></Media>
		<SkippableContent>Controller: </SkippableContent>
		<Controller delimiter="," restOfLine="true"></Controller>
		<SkippableContent>Genre: </SkippableContent>
		<Genre delimiter="," restOfLine="true"></Genre>
		<SkippableContent>Release Year: </SkippableContent>
		<ReleaseYear delimiter="," restOfLine="true"></ReleaseYear>
		<SkippableContent>Developer: </SkippableContent>
		<Developer delimiter="," restOfLine="true"></Developer>
		<SkippableContent>Publisher: </SkippableContent>
		<Publisher restOfLine="true"></Publisher>
		<SkippableContent>Players: </SkippableContent>
		<Players delimiter="," restOfLine="true"></Players>
		<SkippableContent>URL: </SkippableContent>
		<URL delimiter="," restOfLine="true"></URL>
		<SkippableContent restOfLine="true">Description:</SkippableContent>
		<Description skipTo="*"></Description>
		<SkippableContent restOfLine="true"></SkippableContent>		
	</GameGrammar>
</parserConfig>